-- phpMyAdmin SQL Dump
-- version 5.2.1
-- https://www.phpmyadmin.net/
--
-- Servidor: 127.0.0.1
-- Tiempo de generación: 15-10-2025 a las 21:03:42
-- Versión del servidor: 10.4.32-MariaDB
-- Versión de PHP: 8.2.12

SET SQL_MODE = "NO_AUTO_VALUE_ON_ZERO";
START TRANSACTION;
SET time_zone = "+00:00";


/*!40101 SET @OLD_CHARACTER_SET_CLIENT=@@CHARACTER_SET_CLIENT */;
/*!40101 SET @OLD_CHARACTER_SET_RESULTS=@@CHARACTER_SET_RESULTS */;
/*!40101 SET @OLD_COLLATION_CONNECTION=@@COLLATION_CONNECTION */;
/*!40101 SET NAMES utf8mb4 */;

--
-- Base de datos: `sistema_agua`
--

-- --------------------------------------------------------

--
-- Estructura de tabla para la tabla `categorias`
--

CREATE TABLE `categorias` (
  `id_categoria` int(11) NOT NULL,
  `nombre` varchar(100) NOT NULL
) ENGINE=InnoDB DEFAULT CHARSET=utf8mb4 COLLATE=utf8mb4_general_ci;

--
-- Volcado de datos para la tabla `categorias`
--

INSERT INTO `categorias` (`id_categoria`, `nombre`) VALUES
(1, 'Bidón'),
(2, 'Botella'),
(3, 'Botellín');

-- --------------------------------------------------------

--
-- Estructura de tabla para la tabla `cliente`
--

CREATE TABLE `cliente` (
  `id_cliente` int(11) NOT NULL,
  `nombre` varchar(100) NOT NULL,
  `telefono` varchar(20) DEFAULT NULL,
  `direccion` varchar(200) DEFAULT NULL,
  `id_distrito` int(11) DEFAULT NULL,
  `tipo_cliente` enum('Bodega','Restaurante','Gimnasio','Final') NOT NULL,
  `activo` tinyint(1) DEFAULT 1,
  `fecha_registro` timestamp NOT NULL DEFAULT current_timestamp()
) ENGINE=InnoDB DEFAULT CHARSET=utf8mb4 COLLATE=utf8mb4_general_ci;

--
-- Volcado de datos para la tabla `cliente`
--

INSERT INTO `cliente` (`id_cliente`, `nombre`, `telefono`, `direccion`, `id_distrito`, `tipo_cliente`, `activo`, `fecha_registro`) VALUES
(1, 'Bodega El Sol', '987654321', 'Av. Principal 123', 1, 'Bodega', 1, '2025-10-15 16:36:49'),
(2, 'Restaurante La Luna', '987654322', 'Calle Comercio 456', 2, 'Restaurante', 1, '2025-10-15 16:36:49'),
(3, 'Gimnasio Fitness Center', '987654323', 'Jr. Deportes 789', 3, 'Gimnasio', 1, '2025-10-15 16:36:49'),
(4, 'Cliente Final Juan', '987654324', 'Av. Residencial 321', 4, 'Final', 1, '2025-10-15 16:36:49');

-- --------------------------------------------------------

--
-- Estructura de tabla para la tabla `departamento`
--

CREATE TABLE `departamento` (
  `id_departamento` int(11) NOT NULL,
  `departamento` varchar(100) NOT NULL,
  `id_pais` int(11) NOT NULL
) ENGINE=InnoDB DEFAULT CHARSET=utf8mb4 COLLATE=utf8mb4_general_ci;

--
-- Volcado de datos para la tabla `departamento`
--

INSERT INTO `departamento` (`id_departamento`, `departamento`, `id_pais`) VALUES
(1, 'Lima', 1),
(2, 'Arequipa', 1),
(3, 'Cuzco', 1);

-- --------------------------------------------------------

--
-- Estructura de tabla para la tabla `distrito`
--

CREATE TABLE `distrito` (
  `id_distrito` int(11) NOT NULL,
  `distrito` varchar(100) NOT NULL,
  `id_provincia` int(11) NOT NULL
) ENGINE=InnoDB DEFAULT CHARSET=utf8mb4 COLLATE=utf8mb4_general_ci;

--
-- Volcado de datos para la tabla `distrito`
--

INSERT INTO `distrito` (`id_distrito`, `distrito`, `id_provincia`) VALUES
(1, 'Lima Cercado', 1),
(2, 'Miraflores', 1),
(3, 'San Isidro', 1),
(4, 'La Victoria', 1);

-- --------------------------------------------------------

--
-- Estructura de tabla para la tabla `estado_pedido_proveedor`
--

CREATE TABLE `estado_pedido_proveedor` (
  `id_estado_pedido` int(11) NOT NULL,
  `estado` varchar(50) NOT NULL
) ENGINE=InnoDB DEFAULT CHARSET=utf8mb4 COLLATE=utf8mb4_general_ci;

--
-- Volcado de datos para la tabla `estado_pedido_proveedor`
--

INSERT INTO `estado_pedido_proveedor` (`id_estado_pedido`, `estado`) VALUES
(1, 'Solicitado'),
(2, 'Confirmado'),
(3, 'En camino'),
(4, 'Recibido'),
(5, 'Cancelado');

-- --------------------------------------------------------

--
-- Estructura de tabla para la tabla `estado_venta`
--

CREATE TABLE `estado_venta` (
  `id_estado_venta` int(11) NOT NULL,
  `estado` varchar(50) NOT NULL
) ENGINE=InnoDB DEFAULT CHARSET=utf8mb4 COLLATE=utf8mb4_general_ci;

--
-- Volcado de datos para la tabla `estado_venta`
--

INSERT INTO `estado_venta` (`id_estado_venta`, `estado`) VALUES
(1, 'Pendiente'),
(2, 'Confirmado'),
(3, 'En preparación'),
(4, 'En ruta'),
(5, 'Entregado'),
(6, 'Pagado'),
(7, 'Cancelado');

-- --------------------------------------------------------

--
-- Estructura de tabla para la tabla `lote_producto`
--

CREATE TABLE `lote_producto` (
  `id_lote` int(11) NOT NULL,
  `id_producto` int(11) NOT NULL,
  `numero_lote` varchar(50) NOT NULL,
  `fecha_caducidad` date NOT NULL,
  `cantidad_inicial` int(11) NOT NULL,
  `cantidad_actual` int(11) NOT NULL,
  `fecha_creacion` timestamp NOT NULL DEFAULT current_timestamp(),
  `activo` tinyint(1) DEFAULT 1
) ENGINE=InnoDB DEFAULT CHARSET=utf8mb4 COLLATE=utf8mb4_general_ci;

--
-- Volcado de datos para la tabla `lote_producto`
--

INSERT INTO `lote_producto` (`id_lote`, `id_producto`, `numero_lote`, `fecha_caducidad`, `cantidad_inicial`, `cantidad_actual`, `fecha_creacion`, `activo`) VALUES
(1, 1, 'LOTE-001-2024', '2024-12-31', 100, 100, '2025-10-14 23:36:00', 1),
(2, 2, 'LOTE-002-2024', '2024-12-31', 80, 80, '2025-10-14 23:36:00', 1),
(3, 3, 'LOTE-003-2024', '2024-06-30', 200, 200, '2025-10-14 23:36:00', 1),
(4, 4, 'LOTE-004-2024', '2024-06-30', 150, 150, '2025-10-14 23:36:00', 1);

-- --------------------------------------------------------

--
-- Estructura de tabla para la tabla `marcas`
--

CREATE TABLE `marcas` (
  `id_marca` int(11) NOT NULL,
  `nombre` varchar(100) NOT NULL
) ENGINE=InnoDB DEFAULT CHARSET=utf8mb4 COLLATE=utf8mb4_general_ci;

--
-- Volcado de datos para la tabla `marcas`
--

INSERT INTO `marcas` (`id_marca`, `nombre`) VALUES
(1, 'Bella'),
(2, 'Viña');

-- --------------------------------------------------------

--
-- Estructura de tabla para la tabla `metodo_pago`
--

CREATE TABLE `metodo_pago` (
  `id_metodo_pago` int(11) NOT NULL,
  `metodo_pago` varchar(50) NOT NULL
) ENGINE=InnoDB DEFAULT CHARSET=utf8mb4 COLLATE=utf8mb4_general_ci;

--
-- Volcado de datos para la tabla `metodo_pago`
--

INSERT INTO `metodo_pago` (`id_metodo_pago`, `metodo_pago`) VALUES
(1, 'Efectivo'),
(2, 'Yape'),
(3, 'Transferencia'),
(4, 'Tarjeta');

-- --------------------------------------------------------

--
-- Estructura de tabla para la tabla `pais`
--

CREATE TABLE `pais` (
  `id_pais` int(11) NOT NULL,
  `pais` varchar(100) NOT NULL
) ENGINE=InnoDB DEFAULT CHARSET=utf8mb4 COLLATE=utf8mb4_general_ci;

--
-- Volcado de datos para la tabla `pais`
--

INSERT INTO `pais` (`id_pais`, `pais`) VALUES
(1, 'Perú'),
(2, 'Chile'),
(3, 'Ecuador');

-- --------------------------------------------------------

--
-- Estructura de tabla para la tabla `pedido_proveedor`
--

CREATE TABLE `pedido_proveedor` (
  `id_pedido` int(11) NOT NULL,
  `id_proveedor` int(11) NOT NULL,
  `id_producto` int(11) NOT NULL,
  `fecha` date NOT NULL,
  `cantidad` int(11) NOT NULL,
  `id_estado_pedido` int(11) NOT NULL,
  `costo_unitario` decimal(10,2) DEFAULT NULL,
  `total` decimal(10,2) DEFAULT NULL,
  `fecha_creacion` timestamp NOT NULL DEFAULT current_timestamp(),
  `fecha_actualizacion` timestamp NOT NULL DEFAULT current_timestamp() ON UPDATE current_timestamp()
) ENGINE=InnoDB DEFAULT CHARSET=utf8mb4 COLLATE=utf8mb4_general_ci;

-- --------------------------------------------------------

--
-- Estructura de tabla para la tabla `producto`
--

CREATE TABLE `producto` (
  `id_producto` int(11) NOT NULL,
  `nombre` varchar(100) NOT NULL,
  `id_categoria` int(11) DEFAULT NULL,
  `id_marca` int(11) NOT NULL,
  `presentacion` varchar(50) DEFAULT NULL,
  `volumen` varchar(20) DEFAULT NULL,
  `precio` decimal(10,2) NOT NULL,
  `stock` int(11) DEFAULT 0,
  `stock_minimo` int(11) DEFAULT 0,
  `id_proveedor` int(11) DEFAULT NULL,
  `id_pais_origen` int(11) DEFAULT NULL,
  `descripcion` text DEFAULT NULL,
  `activo` tinyint(1) DEFAULT 1,
  `fecha_creacion` timestamp NOT NULL DEFAULT current_timestamp()
) ENGINE=InnoDB DEFAULT CHARSET=utf8mb4 COLLATE=utf8mb4_general_ci;

--
-- Volcado de datos para la tabla `producto`
--

INSERT INTO `producto` (`id_producto`, `nombre`, `id_categoria`, `id_marca`, `presentacion`, `volumen`, `precio`, `stock`, `stock_minimo`, `id_proveedor`, `id_pais_origen`, `descripcion`, `activo`, `fecha_creacion`) VALUES
(1, 'Bidón Agua Bella', 1, 1, 'Bidón', '20L', 8.50, 100, 20, 1, 1, 'botella', 1, '2025-10-14 23:36:00'),
(2, 'Bidón Agua Viña', 1, 2, 'Bidón', '20L', 12.00, 80, 15, 1, 1, 'botella', 1, '2025-10-14 23:36:00'),
(3, 'Botella Agua Bella', 2, 1, 'Botella PET', '650ml', 1.50, 200, 50, 1, 1, 'botella', 1, '2025-10-14 23:36:00'),
(4, 'Botella Agua Viña', 2, 2, 'Botella PET', '600ml', 2.50, 150, 30, 1, 1, 'botella', 1, '2025-10-14 23:36:00'),
(6, 'agua premiun', 2, 2, NULL, NULL, 1.50, 23, 0, 2, 1, 'agua con gas', 1, '2025-10-15 14:41:54'),
(7, 'cbacv', 1, 1, NULL, NULL, 2.00, 23, 0, 1, 1, 'casf', 1, '2025-10-15 18:03:50');

-- --------------------------------------------------------

--
-- Estructura de tabla para la tabla `proveedor`
--

CREATE TABLE `proveedor` (
  `id_proveedor` int(11) NOT NULL,
  `nombre` varchar(100) NOT NULL,
  `telefono` varchar(20) DEFAULT NULL,
  `direccion` varchar(200) DEFAULT NULL,
  `id_distrito` int(11) DEFAULT NULL,
  `activo` tinyint(1) DEFAULT 1,
  `fecha_registro` timestamp NOT NULL DEFAULT current_timestamp()
) ENGINE=InnoDB DEFAULT CHARSET=utf8mb4 COLLATE=utf8mb4_general_ci;

--
-- Volcado de datos para la tabla `proveedor`
--

INSERT INTO `proveedor` (`id_proveedor`, `nombre`, `telefono`, `direccion`, `id_distrito`, `activo`, `fecha_registro`) VALUES
(1, 'Proveedor Agua Pura SAC', '988777666', 'Av. Industrial 123', 1, 1, '2025-10-14 23:36:00'),
(2, 'Insumos Beverage Perú', '988777555', 'Calle Los Olivos 456', 2, 1, '2025-10-14 23:36:00');

-- --------------------------------------------------------

--
-- Estructura de tabla para la tabla `provincia`
--

CREATE TABLE `provincia` (
  `id_provincia` int(11) NOT NULL,
  `provincia` varchar(100) NOT NULL,
  `id_departamento` int(11) NOT NULL
) ENGINE=InnoDB DEFAULT CHARSET=utf8mb4 COLLATE=utf8mb4_general_ci;

--
-- Volcado de datos para la tabla `provincia`
--

INSERT INTO `provincia` (`id_provincia`, `provincia`, `id_departamento`) VALUES
(1, 'Lima', 1),
(2, 'Huaura', 1),
(3, 'Cañete', 1);

-- --------------------------------------------------------

--
-- Estructura de tabla para la tabla `repartidor`
--

CREATE TABLE `repartidor` (
  `id_repartidor` int(11) NOT NULL,
  `nombre` varchar(100) NOT NULL,
  `telefono` varchar(20) DEFAULT NULL,
  `placa_furgon` varchar(20) DEFAULT NULL,
  `activo` tinyint(1) DEFAULT 1,
  `fecha_contratacion` date DEFAULT NULL
) ENGINE=InnoDB DEFAULT CHARSET=utf8mb4 COLLATE=utf8mb4_general_ci;

--
-- Volcado de datos para la tabla `repartidor`
--

INSERT INTO `repartidor` (`id_repartidor`, `nombre`, `telefono`, `placa_furgon`, `activo`, `fecha_contratacion`) VALUES
(1, 'Juan Pérez', '999888777', 'ABC-123', 1, '2024-01-15'),
(2, 'María García', '999888666', 'DEF-456', 1, '2024-02-01'),
(3, 'Carlos López', '999888555', 'GHI-789', 1, '2024-01-20');

-- --------------------------------------------------------

--
-- Estructura de tabla para la tabla `rol`
--

CREATE TABLE `rol` (
  `id_rol` int(11) NOT NULL,
  `rol` varchar(50) NOT NULL
) ENGINE=InnoDB DEFAULT CHARSET=utf8mb4 COLLATE=utf8mb4_general_ci;

--
-- Volcado de datos para la tabla `rol`
--

INSERT INTO `rol` (`id_rol`, `rol`) VALUES
(1, 'Administrador'),
(2, 'Vendedor'),
(3, 'Repartidor'),
(4, 'Almacenero');

-- --------------------------------------------------------

--
-- Estructura de tabla para la tabla `usuario`
--

CREATE TABLE `usuario` (
  `id_usuario` int(11) NOT NULL,
  `nombre_usuario` varchar(100) NOT NULL,
  `contraseña` varchar(255) NOT NULL,
  `id_rol` int(11) NOT NULL,
  `activo` tinyint(1) DEFAULT 1,
  `fecha_creacion` timestamp NOT NULL DEFAULT current_timestamp()
) ENGINE=InnoDB DEFAULT CHARSET=utf8mb4 COLLATE=utf8mb4_general_ci;

--
-- Volcado de datos para la tabla `usuario`
--

INSERT INTO `usuario` (`id_usuario`, `nombre_usuario`, `contraseña`, `id_rol`, `activo`, `fecha_creacion`) VALUES
(1, 'admin', '$2y$10$92IXUNpkjO0rOQ5byMi.Ye4oKoEa3Ro9llC/.og/at2.uheWG/igi', 1, 1, '2025-10-14 23:36:00');

-- --------------------------------------------------------

--
-- Estructura de tabla para la tabla `venta`
--

CREATE TABLE `venta` (
  `id_venta` int(11) NOT NULL,
  `id_cliente` int(11) NOT NULL,
  `fecha` date NOT NULL,
  `hora` time DEFAULT NULL,
  `total` decimal(10,2) NOT NULL,
  `id_metodo_pago` int(11) NOT NULL,
  `id_estado_venta` int(11) NOT NULL,
  `id_repartidor` int(11) DEFAULT NULL,
  `id_vendedor` int(11) DEFAULT NULL,
  `notas` text DEFAULT NULL,
  `fecha_creacion` timestamp NOT NULL DEFAULT current_timestamp(),
  `fecha_actualizacion` timestamp NOT NULL DEFAULT current_timestamp() ON UPDATE current_timestamp()
) ENGINE=InnoDB DEFAULT CHARSET=utf8mb4 COLLATE=utf8mb4_general_ci;

-- --------------------------------------------------------

--
-- Estructura de tabla para la tabla `venta_detalle`
--

CREATE TABLE `venta_detalle` (
  `id_detalle` int(11) NOT NULL,
  `id_venta` int(11) NOT NULL,
  `id_producto` int(11) NOT NULL,
  `cantidad` int(11) NOT NULL,
  `precio_unitario` decimal(10,2) NOT NULL,
  `subtotal` decimal(10,2) GENERATED ALWAYS AS (`cantidad` * `precio_unitario`) STORED
) ENGINE=InnoDB DEFAULT CHARSET=utf8mb4 COLLATE=utf8mb4_general_ci;

--
-- Índices para tablas volcadas
--

--
-- Indices de la tabla `categorias`
--
ALTER TABLE `categorias`
  ADD PRIMARY KEY (`id_categoria`);

--
-- Indices de la tabla `cliente`
--
ALTER TABLE `cliente`
  ADD PRIMARY KEY (`id_cliente`),
  ADD KEY `idx_cliente_distrito` (`id_distrito`);

--
-- Indices de la tabla `departamento`
--
ALTER TABLE `departamento`
  ADD PRIMARY KEY (`id_departamento`),
  ADD KEY `id_pais` (`id_pais`);

--
-- Indices de la tabla `distrito`
--
ALTER TABLE `distrito`
  ADD PRIMARY KEY (`id_distrito`),
  ADD KEY `id_provincia` (`id_provincia`);

--
-- Indices de la tabla `estado_pedido_proveedor`
--
ALTER TABLE `estado_pedido_proveedor`
  ADD PRIMARY KEY (`id_estado_pedido`);

--
-- Indices de la tabla `estado_venta`
--
ALTER TABLE `estado_venta`
  ADD PRIMARY KEY (`id_estado_venta`);

--
-- Indices de la tabla `lote_producto`
--
ALTER TABLE `lote_producto`
  ADD PRIMARY KEY (`id_lote`),
  ADD KEY `idx_lote_producto` (`id_producto`),
  ADD KEY `idx_lote_caducidad` (`fecha_caducidad`);

--
-- Indices de la tabla `marcas`
--
ALTER TABLE `marcas`
  ADD PRIMARY KEY (`id_marca`);

--
-- Indices de la tabla `metodo_pago`
--
ALTER TABLE `metodo_pago`
  ADD PRIMARY KEY (`id_metodo_pago`);

--
-- Indices de la tabla `pais`
--
ALTER TABLE `pais`
  ADD PRIMARY KEY (`id_pais`);

--
-- Indices de la tabla `pedido_proveedor`
--
ALTER TABLE `pedido_proveedor`
  ADD PRIMARY KEY (`id_pedido`),
  ADD KEY `id_proveedor` (`id_proveedor`),
  ADD KEY `id_producto` (`id_producto`),
  ADD KEY `id_estado_pedido` (`id_estado_pedido`);

--
-- Indices de la tabla `producto`
--
ALTER TABLE `producto`
  ADD PRIMARY KEY (`id_producto`),
  ADD KEY `id_proveedor` (`id_proveedor`),
  ADD KEY `id_pais_origen` (`id_pais_origen`),
  ADD KEY `idx_producto_categoria` (`id_categoria`),
  ADD KEY `idx_producto_marca` (`id_marca`);

--
-- Indices de la tabla `proveedor`
--
ALTER TABLE `proveedor`
  ADD PRIMARY KEY (`id_proveedor`),
  ADD KEY `id_distrito` (`id_distrito`);

--
-- Indices de la tabla `provincia`
--
ALTER TABLE `provincia`
  ADD PRIMARY KEY (`id_provincia`),
  ADD KEY `id_departamento` (`id_departamento`);

--
-- Indices de la tabla `repartidor`
--
ALTER TABLE `repartidor`
  ADD PRIMARY KEY (`id_repartidor`);

--
-- Indices de la tabla `rol`
--
ALTER TABLE `rol`
  ADD PRIMARY KEY (`id_rol`);

--
-- Indices de la tabla `usuario`
--
ALTER TABLE `usuario`
  ADD PRIMARY KEY (`id_usuario`),
  ADD KEY `id_rol` (`id_rol`);

--
-- Indices de la tabla `venta`
--
ALTER TABLE `venta`
  ADD PRIMARY KEY (`id_venta`),
  ADD KEY `id_metodo_pago` (`id_metodo_pago`),
  ADD KEY `id_vendedor` (`id_vendedor`),
  ADD KEY `idx_venta_fecha` (`fecha`),
  ADD KEY `idx_venta_cliente` (`id_cliente`),
  ADD KEY `idx_venta_estado` (`id_estado_venta`),
  ADD KEY `idx_venta_repartidor` (`id_repartidor`);

--
-- Indices de la tabla `venta_detalle`
--
ALTER TABLE `venta_detalle`
  ADD PRIMARY KEY (`id_detalle`),
  ADD KEY `idx_venta_detalle_venta` (`id_venta`),
  ADD KEY `idx_venta_detalle_producto` (`id_producto`);

--
-- AUTO_INCREMENT de las tablas volcadas
--

--
-- AUTO_INCREMENT de la tabla `categorias`
--
ALTER TABLE `categorias`
  MODIFY `id_categoria` int(11) NOT NULL AUTO_INCREMENT, AUTO_INCREMENT=4;

--
-- AUTO_INCREMENT de la tabla `cliente`
--
ALTER TABLE `cliente`
  MODIFY `id_cliente` int(11) NOT NULL AUTO_INCREMENT, AUTO_INCREMENT=5;

--
-- AUTO_INCREMENT de la tabla `departamento`
--
ALTER TABLE `departamento`
  MODIFY `id_departamento` int(11) NOT NULL AUTO_INCREMENT, AUTO_INCREMENT=4;

--
-- AUTO_INCREMENT de la tabla `distrito`
--
ALTER TABLE `distrito`
  MODIFY `id_distrito` int(11) NOT NULL AUTO_INCREMENT, AUTO_INCREMENT=5;

--
-- AUTO_INCREMENT de la tabla `estado_pedido_proveedor`
--
ALTER TABLE `estado_pedido_proveedor`
  MODIFY `id_estado_pedido` int(11) NOT NULL AUTO_INCREMENT, AUTO_INCREMENT=6;

--
-- AUTO_INCREMENT de la tabla `estado_venta`
--
ALTER TABLE `estado_venta`
  MODIFY `id_estado_venta` int(11) NOT NULL AUTO_INCREMENT, AUTO_INCREMENT=8;

--
-- AUTO_INCREMENT de la tabla `lote_producto`
--
ALTER TABLE `lote_producto`
  MODIFY `id_lote` int(11) NOT NULL AUTO_INCREMENT, AUTO_INCREMENT=5;

--
-- AUTO_INCREMENT de la tabla `marcas`
--
ALTER TABLE `marcas`
  MODIFY `id_marca` int(11) NOT NULL AUTO_INCREMENT, AUTO_INCREMENT=3;

--
-- AUTO_INCREMENT de la tabla `metodo_pago`
--
ALTER TABLE `metodo_pago`
  MODIFY `id_metodo_pago` int(11) NOT NULL AUTO_INCREMENT, AUTO_INCREMENT=5;

--
-- AUTO_INCREMENT de la tabla `pais`
--
ALTER TABLE `pais`
  MODIFY `id_pais` int(11) NOT NULL AUTO_INCREMENT, AUTO_INCREMENT=4;

--
-- AUTO_INCREMENT de la tabla `pedido_proveedor`
--
ALTER TABLE `pedido_proveedor`
  MODIFY `id_pedido` int(11) NOT NULL AUTO_INCREMENT;

--
-- AUTO_INCREMENT de la tabla `producto`
--
ALTER TABLE `producto`
  MODIFY `id_producto` int(11) NOT NULL AUTO_INCREMENT, AUTO_INCREMENT=8;

--
-- AUTO_INCREMENT de la tabla `proveedor`
--
ALTER TABLE `proveedor`
  MODIFY `id_proveedor` int(11) NOT NULL AUTO_INCREMENT, AUTO_INCREMENT=3;

--
-- AUTO_INCREMENT de la tabla `provincia`
--
ALTER TABLE `provincia`
  MODIFY `id_provincia` int(11) NOT NULL AUTO_INCREMENT, AUTO_INCREMENT=4;

--
-- AUTO_INCREMENT de la tabla `repartidor`
--
ALTER TABLE `repartidor`
  MODIFY `id_repartidor` int(11) NOT NULL AUTO_INCREMENT, AUTO_INCREMENT=4;

--
-- AUTO_INCREMENT de la tabla `rol`
--
ALTER TABLE `rol`
  MODIFY `id_rol` int(11) NOT NULL AUTO_INCREMENT, AUTO_INCREMENT=5;

--
-- AUTO_INCREMENT de la tabla `usuario`
--
ALTER TABLE `usuario`
  MODIFY `id_usuario` int(11) NOT NULL AUTO_INCREMENT, AUTO_INCREMENT=2;

--
-- AUTO_INCREMENT de la tabla `venta`
--
ALTER TABLE `venta`
  MODIFY `id_venta` int(11) NOT NULL AUTO_INCREMENT;

--
-- AUTO_INCREMENT de la tabla `venta_detalle`
--
ALTER TABLE `venta_detalle`
  MODIFY `id_detalle` int(11) NOT NULL AUTO_INCREMENT;

--
-- Restricciones para tablas volcadas
--

--
-- Filtros para la tabla `cliente`
--
ALTER TABLE `cliente`
  ADD CONSTRAINT `cliente_ibfk_1` FOREIGN KEY (`id_distrito`) REFERENCES `distrito` (`id_distrito`);

--
-- Filtros para la tabla `departamento`
--
ALTER TABLE `departamento`
  ADD CONSTRAINT `departamento_ibfk_1` FOREIGN KEY (`id_pais`) REFERENCES `pais` (`id_pais`);

--
-- Filtros para la tabla `distrito`
--
ALTER TABLE `distrito`
  ADD CONSTRAINT `distrito_ibfk_1` FOREIGN KEY (`id_provincia`) REFERENCES `provincia` (`id_provincia`);

--
-- Filtros para la tabla `lote_producto`
--
ALTER TABLE `lote_producto`
  ADD CONSTRAINT `lote_producto_ibfk_1` FOREIGN KEY (`id_producto`) REFERENCES `producto` (`id_producto`);

--
-- Filtros para la tabla `pedido_proveedor`
--
ALTER TABLE `pedido_proveedor`
  ADD CONSTRAINT `pedido_proveedor_ibfk_1` FOREIGN KEY (`id_proveedor`) REFERENCES `proveedor` (`id_proveedor`),
  ADD CONSTRAINT `pedido_proveedor_ibfk_2` FOREIGN KEY (`id_producto`) REFERENCES `producto` (`id_producto`),
  ADD CONSTRAINT `pedido_proveedor_ibfk_3` FOREIGN KEY (`id_estado_pedido`) REFERENCES `estado_pedido_proveedor` (`id_estado_pedido`);

--
-- Filtros para la tabla `producto`
--
ALTER TABLE `producto`
  ADD CONSTRAINT `producto_ibfk_1` FOREIGN KEY (`id_categoria`) REFERENCES `categorias` (`id_categoria`),
  ADD CONSTRAINT `producto_ibfk_2` FOREIGN KEY (`id_marca`) REFERENCES `marcas` (`id_marca`),
  ADD CONSTRAINT `producto_ibfk_3` FOREIGN KEY (`id_proveedor`) REFERENCES `proveedor` (`id_proveedor`),
  ADD CONSTRAINT `producto_ibfk_4` FOREIGN KEY (`id_pais_origen`) REFERENCES `pais` (`id_pais`);

--
-- Filtros para la tabla `proveedor`
--
ALTER TABLE `proveedor`
  ADD CONSTRAINT `proveedor_ibfk_1` FOREIGN KEY (`id_distrito`) REFERENCES `distrito` (`id_distrito`);

--
-- Filtros para la tabla `provincia`
--
ALTER TABLE `provincia`
  ADD CONSTRAINT `provincia_ibfk_1` FOREIGN KEY (`id_departamento`) REFERENCES `departamento` (`id_departamento`);

--
-- Filtros para la tabla `usuario`
--
ALTER TABLE `usuario`
  ADD CONSTRAINT `usuario_ibfk_1` FOREIGN KEY (`id_rol`) REFERENCES `rol` (`id_rol`);

--
-- Filtros para la tabla `venta`
--
ALTER TABLE `venta`
  ADD CONSTRAINT `venta_ibfk_1` FOREIGN KEY (`id_cliente`) REFERENCES `cliente` (`id_cliente`),
  ADD CONSTRAINT `venta_ibfk_2` FOREIGN KEY (`id_metodo_pago`) REFERENCES `metodo_pago` (`id_metodo_pago`),
  ADD CONSTRAINT `venta_ibfk_3` FOREIGN KEY (`id_estado_venta`) REFERENCES `estado_venta` (`id_estado_venta`),
  ADD CONSTRAINT `venta_ibfk_4` FOREIGN KEY (`id_repartidor`) REFERENCES `repartidor` (`id_repartidor`),
  ADD CONSTRAINT `venta_ibfk_5` FOREIGN KEY (`id_vendedor`) REFERENCES `usuario` (`id_usuario`);

--
-- Filtros para la tabla `venta_detalle`
--
ALTER TABLE `venta_detalle`
  ADD CONSTRAINT `venta_detalle_ibfk_1` FOREIGN KEY (`id_venta`) REFERENCES `venta` (`id_venta`) ON DELETE CASCADE,
  ADD CONSTRAINT `venta_detalle_ibfk_2` FOREIGN KEY (`id_producto`) REFERENCES `producto` (`id_producto`);
COMMIT;

/*!40101 SET CHARACTER_SET_CLIENT=@OLD_CHARACTER_SET_CLIENT */;
/*!40101 SET CHARACTER_SET_RESULTS=@OLD_CHARACTER_SET_RESULTS */;
/*!40101 SET COLLATION_CONNECTION=@OLD_COLLATION_CONNECTION */;
