-- phpMyAdmin SQL Dump
-- version 5.2.1
-- https://www.phpmyadmin.net/
--
-- Servidor: 127.0.0.1
-- Tiempo de generaci贸n: 30-12-2025 a las 20:15:34
-- Versi贸n del servidor: 10.4.32-MariaDB
-- Versi贸n de PHP: 8.2.12

SET SQL_MODE = "NO_AUTO_VALUE_ON_ZERO";
START TRANSACTION;
SET time_zone = "+00:00";


/*!40101 SET @OLD_CHARACTER_SET_CLIENT=@@CHARACTER_SET_CLIENT */;
/*!40101 SET @OLD_CHARACTER_SET_RESULTS=@@CHARACTER_SET_RESULTS */;
/*!40101 SET @OLD_COLLATION_CONNECTION=@@COLLATION_CONNECTION */;
/*!40101 SET NAMES utf8mb4 */;

--
-- Base de datos: `sistema_agua`
--

DELIMITER $$
--
-- Procedimientos
--
CREATE DEFINER=`root`@`localhost` PROCEDURE `sp_estadisticas_sunat` (IN `p_fecha_inicio` DATE, IN `p_fecha_fin` DATE)   BEGIN
  SELECT 
    DATE(fecha_generacion) as fecha,
    tipo,
    estado,
    COUNT(*) as cantidad,
    SUM(total) as monto
  FROM comprobante_sunat
  WHERE DATE(fecha_generacion) BETWEEN p_fecha_inicio AND p_fecha_fin
  GROUP BY DATE(fecha_generacion), tipo, estado
  ORDER BY fecha DESC;
END$$

CREATE DEFINER=`root`@`localhost` PROCEDURE `sp_obtener_siguiente_numero` (IN `p_tipo` VARCHAR(20), IN `p_serie` VARCHAR(10), OUT `p_numero` INT)   BEGIN
  SELECT COALESCE(MAX(numero_secuencial), 0) + 1 
  INTO p_numero
  FROM comprobante_sunat 
  WHERE tipo = p_tipo AND serie = p_serie;
END$$

CREATE DEFINER=`root`@`localhost` PROCEDURE `sp_registrar_entrega_dinero` (IN `p_id_repartidor` INT, IN `p_total` DECIMAL(10,2), IN `p_metodo_entrega` VARCHAR(20), IN `p_notas` TEXT, IN `p_id_usuario` INT)   BEGIN
  DECLARE v_ultima_entrega DATETIME;
  DECLARE v_minutos_desde_ultima INT;
  
  -- Verificar que no haya entregas muy recientes (evitar duplicados)
  SELECT MAX(fecha_entrega) INTO v_ultima_entrega
  FROM entrega_dinero_repartidor
  WHERE id_repartidor = p_id_repartidor
    AND DATE(fecha_entrega) = CURDATE();
    
  IF v_ultima_entrega IS NOT NULL THEN
    SET v_minutos_desde_ultima = TIMESTAMPDIFF(MINUTE, v_ultima_entrega, NOW());
    
    IF v_minutos_desde_ultima < 5 THEN
      SIGNAL SQLSTATE '45000'
      SET MESSAGE_TEXT = 'Debe esperar al menos 5 minutos entre entregas';
    END IF;
  END IF;
  
  -- Validar monto m铆nimo
  IF p_total < 1 THEN
    SIGNAL SQLSTATE '45000'
    SET MESSAGE_TEXT = 'El monto m铆nimo de entrega es S/ 1.00';
  END IF;
  
  -- Insertar la entrega
  INSERT INTO entrega_dinero_repartidor (
    id_repartidor,
    total,
    metodo_entrega,
    notas,
    id_usuario_registro
  ) VALUES (
    p_id_repartidor,
    p_total,
    p_metodo_entrega,
    p_notas,
    p_id_usuario
  );
  
  SELECT LAST_INSERT_ID() AS id_entrega;
END$$

CREATE DEFINER=`root`@`localhost` PROCEDURE `sp_reporte_entregas` (IN `p_id_repartidor` INT, IN `p_fecha_inicio` DATE, IN `p_fecha_fin` DATE)   BEGIN
  -- Reporte detallado
  SELECT 
    edr.id_entrega,
    edr.total,
    edr.metodo_entrega,
    DATE_FORMAT(edr.fecha_entrega, '%Y-%m-%d') as fecha,
    TIME(edr.fecha_entrega) as hora,
    edr.notas,
    edr.estado,
    u.nombre_usuario as usuario_registro
  FROM entrega_dinero_repartidor edr
  LEFT JOIN usuario u ON edr.id_usuario_registro = u.id_usuario
  WHERE edr.id_repartidor = p_id_repartidor
    AND DATE(edr.fecha_entrega) BETWEEN p_fecha_inicio AND p_fecha_fin
  ORDER BY edr.fecha_entrega DESC;
  
  -- Totales
  SELECT 
    COUNT(*) as total_entregas,
    SUM(total) as monto_total,
    AVG(total) as promedio,
    MIN(total) as minimo,
    MAX(total) as maximo,
    GROUP_CONCAT(DISTINCT metodo_entrega) as metodos_utilizados
  FROM entrega_dinero_repartidor
  WHERE id_repartidor = p_id_repartidor
    AND DATE(fecha_entrega) BETWEEN p_fecha_inicio AND p_fecha_fin;
END$$

DELIMITER ;

-- --------------------------------------------------------

--
-- Estructura de tabla para la tabla `categorias`
--

CREATE TABLE `categorias` (
  `id_categoria` int(11) NOT NULL,
  `nombre` varchar(100) NOT NULL
) ENGINE=InnoDB DEFAULT CHARSET=utf8mb4 COLLATE=utf8mb4_general_ci;

--
-- Volcado de datos para la tabla `categorias`
--

INSERT INTO `categorias` (`id_categoria`, `nombre`) VALUES
(1, 'Bid贸n'),
(2, 'Botella'),
(3, 'Botell铆n');

-- --------------------------------------------------------

--
-- Estructura de tabla para la tabla `cliente`
--

CREATE TABLE `cliente` (
  `id_cliente` int(11) NOT NULL,
  `id_persona` int(11) NOT NULL,
  `tipo_cliente` enum('Bodega','Restaurante','Gimnasio','Persona','Empresa') NOT NULL,
  `razon_social` varchar(200) DEFAULT NULL,
  `activo` tinyint(1) DEFAULT 1,
  `fecha_registro` timestamp NOT NULL DEFAULT current_timestamp()
) ENGINE=InnoDB DEFAULT CHARSET=utf8mb4 COLLATE=utf8mb4_general_ci;

--
-- Volcado de datos para la tabla `cliente`
--

INSERT INTO `cliente` (`id_cliente`, `id_persona`, `tipo_cliente`, `razon_social`, `activo`, `fecha_registro`) VALUES
(1, 7, 'Bodega', 'Bodega Don Pepin', 1, '2025-10-18 20:18:44'),
(2, 8, 'Restaurante', 'Restaurante La Olla', 1, '2025-10-18 20:18:44'),
(3, 9, 'Gimnasio', 'Gimnasio Power Futal', 1, '2025-10-18 20:18:44'),
(4, 10, 'Persona', NULL, 1, '2025-10-23 04:27:24'),
(5, 11, 'Bodega', 'ncjaisnca', 1, '2025-10-26 22:28:02'),
(6, 12, 'Persona', NULL, 1, '2025-10-26 22:34:51'),
(7, 20, 'Persona', NULL, 1, '2025-11-10 14:18:04'),
(8, 21, 'Persona', NULL, 1, '2025-11-10 15:32:34'),
(9, 23, 'Persona', NULL, 1, '2025-11-10 15:37:16'),
(10, 24, 'Persona', NULL, 1, '2025-11-10 16:18:00'),
(11, 25, 'Persona', NULL, 1, '2025-11-10 16:22:07'),
(12, 27, 'Persona', NULL, 1, '2025-11-12 18:16:13'),
(13, 28, 'Bodega', 'Huancas', 1, '2025-11-19 17:51:55'),
(14, 29, 'Persona', NULL, 1, '2025-11-19 18:13:02'),
(15, 31, 'Bodega', 'por el grifo sanjuan', 1, '2025-11-23 23:48:44'),
(16, 33, 'Persona', NULL, 1, '2025-12-28 15:57:15');

-- --------------------------------------------------------

--
-- Estructura de tabla para la tabla `comprobante_sunat`
--

CREATE TABLE `comprobante_sunat` (
  `id_comprobante` int(11) NOT NULL,
  `id_venta` int(11) NOT NULL,
  `tipo` varchar(20) NOT NULL COMMENT 'BOLETA o FACTURA',
  `serie` varchar(10) NOT NULL,
  `numero_secuencial` int(11) NOT NULL,
  `xml_generado` longtext NOT NULL COMMENT 'Contenido XML completo',
  `estado` varchar(50) NOT NULL DEFAULT 'GENERADO' COMMENT 'GENERADO, ACEPTADO, RECHAZADO, ERROR, PENDIENTE',
  `respuesta_sunat` longtext DEFAULT NULL COMMENT 'JSON con respuesta de SUNAT',
  `fecha_generacion` timestamp NOT NULL DEFAULT current_timestamp(),
  `fecha_envio` timestamp NULL DEFAULT NULL,
  `intentos_envio` int(11) DEFAULT 0,
  `ruc_cliente` varchar(11) DEFAULT NULL,
  `dni_cliente` varchar(8) DEFAULT NULL,
  `cliente_nombre` varchar(255) DEFAULT NULL,
  `total` decimal(10,2) DEFAULT NULL
) ENGINE=InnoDB DEFAULT CHARSET=utf8mb4 COLLATE=utf8mb4_general_ci;

--
-- Volcado de datos para la tabla `comprobante_sunat`
--

INSERT INTO `comprobante_sunat` (`id_comprobante`, `id_venta`, `tipo`, `serie`, `numero_secuencial`, `xml_generado`, `estado`, `respuesta_sunat`, `fecha_generacion`, `fecha_envio`, `intentos_envio`, `ruc_cliente`, `dni_cliente`, `cliente_nombre`, `total`) VALUES
(1, 39, 'FACTURA', 'F001', 1, '<?xml version=\"1.0\"?><invoice>XML SIMULADO</invoice>', 'ACEPTADO', '{\"code\":\"0\",\"description\":\"La Factura ha sido aceptada\",\"notes\":[\"Generado en modo desarrollo\"],\"hash\":\"dev_abca2ccbdc3870ed60206e91b9f86bc0\",\"estado\":\"ACEPTADO\"}', '2025-12-14 21:13:52', '2025-12-14 21:13:52', 1, NULL, NULL, 'Gimnasio Power Futal', 6.00),
(4, 44, 'FACTURA', 'F001', 2, '<?xml version=\"1.0\"?><invoice>XML SIMULADO</invoice>', 'ACEPTADO', '{\"code\":\"0\",\"description\":\"La Factura ha sido aceptada\",\"notes\":[\"Generado en modo desarrollo\"],\"hash\":\"dev_d6f9a3e8ee46ea78e288003e94e58e6e\",\"estado\":\"ACEPTADO\"}', '2025-12-16 03:04:55', '2025-12-16 03:04:55', 1, NULL, NULL, 'Gimnasio Power Futal', 12.00),
(5, 43, 'FACTURA', 'F001', 3, '<?xml version=\"1.0\"?><invoice>XML SIMULADO</invoice>', 'ACEPTADO', '{\"code\":\"0\",\"description\":\"La Factura ha sido aceptada\",\"notes\":[\"Generado en modo desarrollo\"],\"hash\":\"dev_ee00ab8d37f550a8e330ed4aa6825f34\",\"estado\":\"ACEPTADO\"}', '2025-12-16 03:10:24', '2025-12-16 03:10:24', 1, NULL, NULL, 'Ernesto Gabriel Rengifo Lopez', 8.00),
(6, 2, 'FACTURA', 'F001', 4, '<?xml version=\"1.0\"?><invoice>XML SIMULADO</invoice>', 'ACEPTADO', '{\"code\":\"0\",\"description\":\"La Factura ha sido aceptada\",\"notes\":[\"Generado en modo desarrollo\"],\"hash\":\"dev_7323c8c931507a98d17230ca93fbffcd\",\"estado\":\"ACEPTADO\"}', '2025-12-16 03:44:25', '2025-12-16 03:44:25', 1, NULL, NULL, 'Gimnasio Power Futal', 8.50),
(7, 50, 'FACTURA', 'F001', 5, '<?xml version=\"1.0\"?><invoice>XML SIMULADO</invoice>', 'ACEPTADO', '{\"code\":\"0\",\"description\":\"La Factura ha sido aceptada\",\"notes\":[\"Generado en modo desarrollo\"],\"hash\":\"dev_276455930f7c8924199e6b43439c21be\",\"estado\":\"ACEPTADO\"}', '2025-12-17 14:50:32', '2025-12-17 14:50:32', 1, NULL, NULL, 'Bodega Don Pepin', 4.50),
(8, 52, 'FACTURA', 'F001', 6, '<?xml version=\"1.0\"?><invoice>XML SIMULADO</invoice>', 'ACEPTADO', '{\"code\":\"0\",\"description\":\"La Factura ha sido aceptada\",\"notes\":[\"Generado en modo desarrollo\"],\"hash\":\"dev_971b8050555898e0ae0cb51248a71c71\",\"estado\":\"ACEPTADO\"}', '2025-12-17 16:09:13', '2025-12-17 16:09:13', 1, NULL, NULL, 'Ernesto Gabriel Rengifo Lopez', 15.00),
(9, 53, 'BOLETA', 'B001', 1, '<?xml version=\"1.0\"?><invoice>XML SIMULADO</invoice>', 'ACEPTADO', '{\"code\":\"0\",\"description\":\"La Factura ha sido aceptada\",\"notes\":[\"Generado en modo desarrollo\"],\"hash\":\"dev_dd1eccbddc61b49c79935a9242867b2d\",\"estado\":\"ACEPTADO\"}', '2025-12-17 19:48:02', '2025-12-17 19:48:02', 1, NULL, NULL, 'Julio Carlos Santillama', 12.00),
(10, 56, 'BOLETA', 'B001', 2, '<?xml version=\"1.0\"?><invoice>XML SIMULADO</invoice>', 'ACEPTADO', '{\"code\":\"0\",\"description\":\"La Factura ha sido aceptada\",\"notes\":[\"Generado en modo desarrollo\"],\"hash\":\"dev_e8c0484e0b7ec96295a94dda51f6ca31\",\"estado\":\"ACEPTADO\"}', '2025-12-19 18:07:20', '2025-12-19 18:07:20', 1, NULL, NULL, 'Gimnasio Power Futal', 12.00),
(11, 59, 'BOLETA', 'B001', 3, '<?xml version=\"1.0\"?><invoice>XML SIMULADO</invoice>', 'ACEPTADO', '{\"code\":\"0\",\"description\":\"La Factura ha sido aceptada\",\"notes\":[\"Generado en modo desarrollo\"],\"hash\":\"dev_6a1eb9bf209c62a97c03f0f42c460b4c\",\"estado\":\"ACEPTADO\"}', '2025-12-28 18:13:58', '2025-12-28 18:13:58', 1, NULL, NULL, 'Dennys gongora Farina', 53.50);

-- --------------------------------------------------------

--
-- Estructura de tabla para la tabla `departamento`
--

CREATE TABLE `departamento` (
  `id_departamento` int(11) NOT NULL,
  `departamento` varchar(100) NOT NULL,
  `id_pais` int(11) NOT NULL
) ENGINE=InnoDB DEFAULT CHARSET=utf8mb4 COLLATE=utf8mb4_general_ci;

--
-- Volcado de datos para la tabla `departamento`
--

INSERT INTO `departamento` (`id_departamento`, `departamento`, `id_pais`) VALUES
(1, 'Lima', 1),
(2, 'Arequipa', 1),
(3, 'Cuzco', 1);

-- --------------------------------------------------------

--
-- Estructura de tabla para la tabla `distrito`
--

CREATE TABLE `distrito` (
  `id_distrito` int(11) NOT NULL,
  `distrito` varchar(100) NOT NULL,
  `id_provincia` int(11) NOT NULL
) ENGINE=InnoDB DEFAULT CHARSET=utf8mb4 COLLATE=utf8mb4_general_ci;

--
-- Volcado de datos para la tabla `distrito`
--

INSERT INTO `distrito` (`id_distrito`, `distrito`, `id_provincia`) VALUES
(1, 'Lima Cercado', 1),
(2, 'Miraflores', 1),
(3, 'San Isidro', 1),
(4, 'La Victoria', 1);

-- --------------------------------------------------------

--
-- Estructura de tabla para la tabla `entrega_dinero_repartidor`
--

CREATE TABLE `entrega_dinero_repartidor` (
  `id_entrega` int(11) NOT NULL,
  `id_repartidor` int(11) NOT NULL,
  `total` decimal(10,2) NOT NULL CHECK (`total` > 0),
  `metodo_entrega` enum('efectivo','transferencia','yape') DEFAULT 'efectivo',
  `fecha_entrega` timestamp NOT NULL DEFAULT current_timestamp(),
  `estado` enum('pendiente','completado','verificado','rechazado') DEFAULT 'completado',
  `notas` text DEFAULT NULL,
  `fecha_registro` timestamp NOT NULL DEFAULT current_timestamp(),
  `id_usuario_registro` int(11) DEFAULT NULL
) ENGINE=InnoDB DEFAULT CHARSET=utf8mb4 COLLATE=utf8mb4_general_ci;

-- --------------------------------------------------------

--
-- Estructura de tabla para la tabla `entrega_dinero_ventas`
--

CREATE TABLE `entrega_dinero_ventas` (
  `id_asociacion` int(11) NOT NULL,
  `id_entrega` int(11) NOT NULL,
  `id_venta` int(11) NOT NULL,
  `monto_asignado` decimal(10,2) NOT NULL,
  `fecha_asociacion` timestamp NOT NULL DEFAULT current_timestamp()
) ENGINE=InnoDB DEFAULT CHARSET=utf8mb4 COLLATE=utf8mb4_general_ci;

-- --------------------------------------------------------

--
-- Estructura de tabla para la tabla `errores_sunat`
--

CREATE TABLE `errores_sunat` (
  `id_error` int(11) NOT NULL,
  `id_venta` int(11) NOT NULL,
  `mensaje_error` text DEFAULT NULL,
  `fecha_error` datetime DEFAULT current_timestamp()
) ENGINE=InnoDB DEFAULT CHARSET=utf8mb4 COLLATE=utf8mb4_general_ci;

--
-- Volcado de datos para la tabla `errores_sunat`
--

INSERT INTO `errores_sunat` (`id_error`, `id_venta`, `mensaje_error`, `fecha_error`) VALUES
(1, 43, 'Duplicate entry \'F001-1-FACTURA\' for key \'unique_comprobante\'', '2025-12-15 00:30:17'),
(2, 49, 'Duplicate entry \'F001-1-FACTURA\' for key \'unique_comprobante\'', '2025-12-15 21:22:37'),
(3, 53, 'Esta venta ya tiene un comprobante emitido', '2025-12-18 11:44:16'),
(4, 59, 'Error', '2025-12-28 13:13:08');

-- --------------------------------------------------------

--
-- Estructura de tabla para la tabla `estado_pedido_proveedor`
--

CREATE TABLE `estado_pedido_proveedor` (
  `id_estado_pedido` int(11) NOT NULL,
  `estado` varchar(50) NOT NULL
) ENGINE=InnoDB DEFAULT CHARSET=utf8mb4 COLLATE=utf8mb4_general_ci;

--
-- Volcado de datos para la tabla `estado_pedido_proveedor`
--

INSERT INTO `estado_pedido_proveedor` (`id_estado_pedido`, `estado`) VALUES
(1, 'Solicitado'),
(2, 'Confirmado'),
(3, 'En camino'),
(4, 'Recibido'),
(5, 'Cancelado');

-- --------------------------------------------------------

--
-- Estructura de tabla para la tabla `estado_venta`
--

CREATE TABLE `estado_venta` (
  `id_estado_venta` int(11) NOT NULL,
  `estado` varchar(50) NOT NULL
) ENGINE=InnoDB DEFAULT CHARSET=utf8mb4 COLLATE=utf8mb4_general_ci;

--
-- Volcado de datos para la tabla `estado_venta`
--

INSERT INTO `estado_venta` (`id_estado_venta`, `estado`) VALUES
(1, 'Pendiente'),
(4, 'Listo para repartos'),
(5, 'En ruta'),
(7, 'Pagado'),
(8, 'Cancelado');

-- --------------------------------------------------------

--
-- Estructura de tabla para la tabla `insumo`
--

CREATE TABLE `insumo` (
  `id_insumo` int(11) NOT NULL,
  `nombre` varchar(100) NOT NULL,
  `descripcion` text DEFAULT NULL,
  `unidad_medida` varchar(20) NOT NULL,
  `costo_promedio` decimal(10,2) DEFAULT 0.00,
  `stock_actual` int(11) DEFAULT 0,
  `stock_minimo` int(11) DEFAULT 0,
  `id_proveedor_principal` int(11) DEFAULT NULL,
  `activo` tinyint(1) DEFAULT 1,
  `fecha_creacion` timestamp NOT NULL DEFAULT current_timestamp()
) ENGINE=InnoDB DEFAULT CHARSET=utf8mb4 COLLATE=utf8mb4_general_ci;

--
-- Volcado de datos para la tabla `insumo`
--

INSERT INTO `insumo` (`id_insumo`, `nombre`, `descripcion`, `unidad_medida`, `costo_promedio`, `stock_actual`, `stock_minimo`, `id_proveedor_principal`, `activo`, `fecha_creacion`) VALUES
(1, 'Bid贸n pl谩stico vac铆o 20L', 'Bid贸n de pl谩stico vac铆o para envasar agua', 'unidades', 1.80, 0, 100, 1, 1, '2025-11-13 17:05:58'),
(2, 'Botella PET 650ml', 'Botella PET vac铆a para agua 650ml', 'unidades', 0.25, 0, 500, 1, 1, '2025-11-13 17:05:58'),
(3, 'Botella PET 600ml', 'Botella PET vac铆a para agua 600ml', 'unidades', 0.22, 0, 400, 1, 1, '2025-11-13 17:05:58'),
(4, 'Tapa rosca pl谩stica', 'Tapa de pl谩stico para bidones y botellas', 'unidades', 0.08, 70, 1000, 1, 1, '2025-11-13 17:05:58'),
(5, 'Etiqueta frontal Agua Bella', 'Etiqueta frontal para productos marca Bella', 'unidades', 0.03, 0, 2000, 1, 1, '2025-11-13 17:05:58'),
(6, 'Etiqueta frontal Agua Vi帽a', 'Etiqueta frontal para productos marca Vi帽a', 'unidades', 0.03, 1000, 1500, 1, 1, '2025-11-13 17:05:58'),
(7, 'Sello de seguridad', 'Sello de seguridad para bidones', 'unidades', 0.15, 170, 300, 1, 1, '2025-11-13 17:05:58');

-- --------------------------------------------------------

--
-- Estructura de tabla para la tabla `lote_producto`
--

CREATE TABLE `lote_producto` (
  `id_lote` int(11) NOT NULL,
  `id_producto` int(11) NOT NULL,
  `numero_lote` varchar(50) NOT NULL,
  `fecha_caducidad` date NOT NULL,
  `cantidad_inicial` int(11) NOT NULL,
  `cantidad_actual` int(11) NOT NULL,
  `fecha_creacion` timestamp NOT NULL DEFAULT current_timestamp(),
  `activo` tinyint(1) DEFAULT 1
) ENGINE=InnoDB DEFAULT CHARSET=utf8mb4 COLLATE=utf8mb4_general_ci;

--
-- Volcado de datos para la tabla `lote_producto`
--

INSERT INTO `lote_producto` (`id_lote`, `id_producto`, `numero_lote`, `fecha_caducidad`, `cantidad_inicial`, `cantidad_actual`, `fecha_creacion`, `activo`) VALUES
(1, 1, 'LOTE-001-2025', '2026-03-30', 100, 80, '2025-10-18 20:18:44', 1),
(2, 2, 'LOTE-002-2025', '2026-03-30', 80, 68, '2025-10-18 20:18:44', 1),
(3, 3, 'LOTE-003-2025', '2026-03-30', 200, 0, '2025-10-18 20:18:44', 1),
(4, 4, 'LOTE-004-2025', '2026-03-30', 150, 132, '2025-10-18 20:18:44', 1),
(5, 1, 'L-2025Z', '2026-05-11', 100, 200, '2025-11-12 05:34:20', 1),
(6, 2, 'L-202510', '2026-06-12', 50, 100, '2025-11-12 17:44:59', 1),
(7, 3, '256-l', '2026-06-19', 500, 942, '2025-11-19 18:57:49', 1),
(8, 1, 'LOTE-006-2025', '2026-05-24', 20, 41, '2025-11-24 19:49:53', 1),
(9, 1, 'BL-202511-862', '2026-05-28', 100, 200, '2025-11-28 16:41:37', 1),
(10, 2, 'VL-202512-366', '2026-06-02', 200, 400, '2025-12-02 19:16:33', 1);

-- --------------------------------------------------------

--
-- Estructura de tabla para la tabla `marcas`
--

CREATE TABLE `marcas` (
  `id_marca` int(11) NOT NULL,
  `nombre` varchar(100) NOT NULL
) ENGINE=InnoDB DEFAULT CHARSET=utf8mb4 COLLATE=utf8mb4_general_ci;

--
-- Volcado de datos para la tabla `marcas`
--

INSERT INTO `marcas` (`id_marca`, `nombre`) VALUES
(1, 'Bella'),
(2, 'Vi帽a');

-- --------------------------------------------------------

--
-- Estructura de tabla para la tabla `metodo_pago`
--

CREATE TABLE `metodo_pago` (
  `id_metodo_pago` int(11) NOT NULL,
  `metodo_pago` varchar(50) NOT NULL
) ENGINE=InnoDB DEFAULT CHARSET=utf8mb4 COLLATE=utf8mb4_general_ci;

--
-- Volcado de datos para la tabla `metodo_pago`
--

INSERT INTO `metodo_pago` (`id_metodo_pago`, `metodo_pago`) VALUES
(1, 'Efectivo'),
(2, 'Yape'),
(3, 'Transferencia'),
(4, 'Tarjeta');

-- --------------------------------------------------------

--
-- Estructura de tabla para la tabla `movimiento_stock`
--

CREATE TABLE `movimiento_stock` (
  `id_movimiento` int(11) NOT NULL,
  `id_producto` int(11) NOT NULL,
  `tipo_movimiento` enum('ingreso','egreso','ajuste','devolucion') NOT NULL,
  `cantidad` int(11) NOT NULL,
  `fecha` timestamp NOT NULL DEFAULT current_timestamp(),
  `descripcion` varchar(255) DEFAULT NULL,
  `id_usuario` int(11) DEFAULT NULL,
  `id_lote` int(11) DEFAULT NULL
) ENGINE=InnoDB DEFAULT CHARSET=utf8mb4 COLLATE=utf8mb4_general_ci;

--
-- Volcado de datos para la tabla `movimiento_stock`
--

INSERT INTO `movimiento_stock` (`id_movimiento`, `id_producto`, `tipo_movimiento`, `cantidad`, `fecha`, `descripcion`, `id_usuario`, `id_lote`) VALUES
(4, 2, 'ingreso', 100, '2025-11-09 21:54:22', 'Produccion de bidones', 9, 2),
(5, 3, 'ingreso', 500, '2025-11-09 21:55:16', 'Porduccion de agua bella', 9, 3),
(6, 4, 'ingreso', 400, '2025-11-09 22:10:57', 'se solicitado 400 paquetes de agua vi帽a', 9, 4),
(7, 1, 'ingreso', 100, '2025-11-10 18:33:02', 'Se ingreso 100 bidones de agua', 9, 1),
(8, 3, 'ingreso', 100, '2025-11-10 19:09:23', 'fdzgg', 9, 3),
(10, 1, 'ingreso', 100, '2025-11-12 14:04:38', 'Ingreso de nuevo lote de 100 bidones  de agua bella', 9, 5),
(12, 2, 'ingreso', 50, '2025-11-12 17:46:20', '', 9, 6),
(13, 1, 'egreso', 1, '2025-11-12 20:58:45', 'Venta #28 - Lote LOTE-001-2025', 3, 1),
(14, 3, 'egreso', 4, '2025-11-13 14:26:03', 'Venta #29 - Lote LOTE-003-2025', 3, 3),
(15, 1, 'egreso', 1, '2025-11-17 20:57:25', 'Venta #30 - Lote LOTE-001-2025', 3, 1),
(16, 3, 'egreso', 10, '2025-11-19 17:53:16', 'Venta #31 - Lote LOTE-003-2025', 3, 3),
(17, 1, 'egreso', 1, '2025-11-19 18:13:42', 'Venta #32 - Lote LOTE-001-2025', 3, 1),
(18, 3, 'egreso', 1, '2025-11-19 18:17:41', 'Venta #33 - Lote LOTE-003-2025', 3, 3),
(20, 3, 'ingreso', 500, '2025-11-19 19:00:51', 'Ingreso paquetes de agua bella', 9, 7),
(21, 1, 'egreso', 3, '2025-11-23 18:26:24', 'Venta #34 - Lote LOTE-001-2025', 6, 1),
(22, 3, 'egreso', 3, '2025-11-23 18:26:24', 'Venta #34 - Lote LOTE-003-2025', 6, 3),
(23, 3, 'egreso', 4, '2025-11-23 19:08:42', 'Venta #35 - Lote LOTE-003-2025', 6, 3),
(24, 1, 'egreso', 1, '2025-11-23 19:57:21', 'Venta #36 - Lote LOTE-001-2025', 6, 1),
(25, 3, 'egreso', 1, '2025-11-23 20:40:38', 'Venta #37 - Lote LOTE-003-2025', 6, 3),
(26, 2, 'egreso', 1, '2025-11-23 22:43:23', 'Venta #38 - Lote LOTE-002-2025', 6, 2),
(27, 3, 'egreso', 1, '2025-11-23 22:50:23', 'Venta #39 - Lote LOTE-003-2025', 6, 3),
(28, 2, 'egreso', 2, '2025-11-23 23:07:04', 'Venta #40 - Lote LOTE-002-2025', 6, 2),
(29, 3, 'egreso', 2, '2025-11-23 23:49:52', 'Venta #41 - Lote LOTE-003-2025', 6, 3),
(30, 3, 'egreso', 1, '2025-11-24 00:49:14', 'Venta #42 - Lote LOTE-003-2025', 6, 3),
(31, 1, 'egreso', 2, '2025-11-24 00:50:31', 'Venta #43 - Lote LOTE-001-2025', 6, 1),
(32, 3, 'egreso', 2, '2025-11-24 19:31:24', 'Venta #44 - Lote LOTE-003-2025', 6, 3),
(34, 1, 'ingreso', 21, '2025-11-24 19:52:16', '', 9, 8),
(36, 1, 'ingreso', 100, '2025-11-28 16:41:37', ' Ingreso - Bid贸n Agua Bella - 100 unidades', 3, 9),
(37, 2, 'ingreso', 200, '2025-12-02 19:16:33', 'Ingreso por creaci贸n de lote VL-202512-366', 3, NULL),
(38, 2, 'ingreso', 200, '2025-12-02 19:16:33', ' Ingreso - Bid贸n Agua Vi帽a - 200 unidades', 3, 10),
(39, 3, 'egreso', 4, '2025-12-02 19:20:53', 'Venta #45 - Lote LOTE-003-2025', 6, 3),
(40, 3, 'egreso', 100, '2025-12-03 13:56:19', 'Venta #46 - Lote LOTE-003-2025', 6, 3),
(41, 2, 'egreso', 1, '2025-12-05 04:49:17', 'Venta #47 - Lote LOTE-002-2025', 3, 2),
(42, 2, 'egreso', 1, '2025-12-06 01:01:52', 'Venta #48 - Lote LOTE-002-2025', 3, 2),
(43, 3, 'egreso', 5, '2025-12-06 02:19:13', 'Venta #49 - Lote LOTE-003-2025', 6, 3),
(44, 2, 'egreso', 1, '2025-12-17 03:54:28', 'Venta #50 - Lote LOTE-002-2025', 3, 2),
(45, 4, 'egreso', 2, '2025-12-17 16:04:28', 'Venta #51 - Lote LOTE-004-2025', 3, 4),
(46, 4, 'egreso', 2, '2025-12-17 16:07:08', 'Venta #52 - Lote LOTE-004-2025', 3, 4),
(47, 3, 'egreso', 2, '2025-12-17 19:21:30', 'Venta #53 - Lote LOTE-003-2025', 3, 3),
(48, 2, 'egreso', 1, '2025-12-17 20:04:17', 'Venta #54 - Lote LOTE-002-2025', 3, 2),
(49, 3, 'egreso', 1, '2025-12-17 20:04:17', 'Venta #54 - Lote LOTE-003-2025', 3, 3),
(50, 1, 'egreso', 3, '2025-12-18 05:31:50', 'Venta #55 - Lote LOTE-001-2025', 3, 1),
(51, 3, 'egreso', 2, '2025-12-19 18:01:35', 'Venta #56 - Lote LOTE-003-2025', 3, 3),
(52, 3, 'egreso', 1, '2025-12-21 03:28:02', 'Venta #57 - Lote LOTE-003-2025', 3, 3),
(53, 3, 'egreso', 56, '2025-12-28 15:57:58', 'Venta #58 - Lote LOTE-003-2025', 3, 3),
(54, 3, 'egreso', 44, '2025-12-28 15:57:58', 'Venta #58 - Lote 256-l', 3, 7),
(55, 1, 'egreso', 1, '2025-12-28 18:02:09', 'Venta #59 - Lote LOTE-001-2025', 3, 1),
(56, 2, 'egreso', 1, '2025-12-28 18:02:09', 'Venta #59 - Lote LOTE-002-2025', 3, 2),
(57, 3, 'egreso', 5, '2025-12-28 18:02:09', 'Venta #59 - Lote 256-l', 3, 7),
(58, 4, 'egreso', 2, '2025-12-28 18:02:09', 'Venta #59 - Lote LOTE-004-2025', 3, 4),
(59, 1, 'egreso', 1, '2025-12-29 00:12:25', 'Venta #60 - Lote LOTE-001-2025', 3, 1),
(60, 2, 'egreso', 1, '2025-12-29 00:12:25', 'Venta #60 - Lote LOTE-002-2025', 3, 2),
(61, 3, 'egreso', 3, '2025-12-29 00:13:01', 'Venta #61 - Lote 256-l', 3, 7),
(62, 4, 'egreso', 2, '2025-12-29 00:13:01', 'Venta #61 - Lote LOTE-004-2025', 3, 4),
(63, 3, 'egreso', 1, '2025-12-29 00:13:48', 'Venta #62 - Lote 256-l', 3, 7),
(64, 2, 'egreso', 2, '2025-12-29 00:13:48', 'Venta #62 - Lote LOTE-002-2025', 3, 2),
(65, 1, 'egreso', 1, '2025-12-29 17:17:25', 'Venta #63 - Lote LOTE-001-2025', 3, 1),
(66, 3, 'egreso', 4, '2025-12-29 17:18:44', 'Venta #64 - Lote 256-l', 3, 7),
(67, 4, 'egreso', 4, '2025-12-29 17:19:10', 'Venta #65 - Lote LOTE-004-2025', 3, 4),
(68, 1, 'egreso', 3, '2025-12-29 17:19:37', 'Venta #66 - Lote LOTE-001-2025', 3, 1),
(69, 4, 'egreso', 3, '2025-12-29 17:20:06', 'Venta #67 - Lote LOTE-004-2025', 3, 4),
(70, 4, 'egreso', 2, '2025-12-29 17:20:29', 'Venta #68 - Lote LOTE-004-2025', 3, 4),
(71, 1, 'egreso', 1, '2025-12-30 15:41:16', 'Venta #69 - Lote LOTE-001-2025', 3, 1),
(72, 1, 'egreso', 1, '2025-12-30 18:15:04', 'Venta #70 - Lote LOTE-001-2025', 3, 1),
(73, 2, 'egreso', 1, '2025-12-30 18:24:32', 'Venta #71 - Lote LOTE-002-2025', 3, 2),
(74, 4, 'egreso', 1, '2025-12-30 18:28:17', 'Venta #72 - Lote LOTE-004-2025', 3, 4),
(75, 3, 'egreso', 1, '2025-12-30 18:31:12', 'Venta #73 - Lote 256-l', 3, 7);

-- --------------------------------------------------------

--
-- Estructura de tabla para la tabla `pais`
--

CREATE TABLE `pais` (
  `id_pais` int(11) NOT NULL,
  `pais` varchar(100) NOT NULL
) ENGINE=InnoDB DEFAULT CHARSET=utf8mb4 COLLATE=utf8mb4_general_ci;

--
-- Volcado de datos para la tabla `pais`
--

INSERT INTO `pais` (`id_pais`, `pais`) VALUES
(1, 'Per煤'),
(2, 'Chile'),
(3, 'Ecuador');

-- --------------------------------------------------------

--
-- Estructura de tabla para la tabla `pedido_proveedor`
--

CREATE TABLE `pedido_proveedor` (
  `id_pedido` int(11) NOT NULL,
  `id_proveedor` int(11) NOT NULL,
  `fecha` date NOT NULL,
  `id_estado_pedido` int(11) NOT NULL,
  `fecha_creacion` timestamp NOT NULL DEFAULT current_timestamp(),
  `fecha_actualizacion` timestamp NOT NULL DEFAULT current_timestamp() ON UPDATE current_timestamp(),
  `total` decimal(10,2) DEFAULT 0.00
) ENGINE=InnoDB DEFAULT CHARSET=utf8mb4 COLLATE=utf8mb4_general_ci;

--
-- Volcado de datos para la tabla `pedido_proveedor`
--

INSERT INTO `pedido_proveedor` (`id_pedido`, `id_proveedor`, `fecha`, `id_estado_pedido`, `fecha_creacion`, `fecha_actualizacion`, `total`) VALUES
(2, 1, '2025-11-14', 5, '2025-11-14 19:07:37', '2025-11-19 16:22:27', 100.00),
(3, 2, '2025-11-17', 4, '2025-11-17 18:33:53', '2025-11-19 15:46:37', 50.00),
(5, 3, '2025-11-19', 5, '2025-11-19 15:11:53', '2025-11-19 15:15:57', 10.00),
(7, 1, '2025-11-19', 5, '2025-11-19 16:23:11', '2025-11-19 18:03:46', 300.00),
(8, 2, '2025-11-19', 4, '2025-11-19 16:24:39', '2025-11-19 18:03:04', 100.00),
(9, 4, '2025-11-19', 4, '2025-11-19 18:44:36', '2025-11-19 18:45:30', 20.00),
(10, 1, '2025-11-20', 1, '2025-11-20 15:29:44', '2025-11-20 15:29:44', 30.00),
(11, 5, '2025-11-24', 4, '2025-11-24 19:42:30', '2025-11-24 19:43:10', 8.00);

-- --------------------------------------------------------

--
-- Estructura de tabla para la tabla `pedido_proveedor_detalle`
--

CREATE TABLE `pedido_proveedor_detalle` (
  `id_detalle` int(11) NOT NULL,
  `id_pedido` int(11) NOT NULL,
  `id_insumo` int(11) NOT NULL,
  `cantidad` int(11) NOT NULL,
  `costo_unitario` decimal(10,2) NOT NULL,
  `subtotal` decimal(10,2) GENERATED ALWAYS AS (`cantidad` * `costo_unitario`) STORED
) ENGINE=InnoDB DEFAULT CHARSET=utf8mb4 COLLATE=utf8mb4_general_ci;

--
-- Volcado de datos para la tabla `pedido_proveedor_detalle`
--

INSERT INTO `pedido_proveedor_detalle` (`id_detalle`, `id_pedido`, `id_insumo`, `cantidad`, `costo_unitario`) VALUES
(1, 2, 4, 1000, 0.10),
(2, 3, 7, 100, 0.50),
(5, 5, 3, 100, 0.10),
(12, 8, 6, 1000, 0.10),
(16, 7, 4, 1500, 0.20),
(17, 9, 4, 50, 0.20),
(18, 9, 7, 50, 0.20),
(19, 10, 5, 100, 0.10),
(20, 10, 6, 100, 0.20),
(21, 11, 7, 20, 0.20),
(22, 11, 4, 20, 0.20);

-- --------------------------------------------------------

--
-- Estructura de tabla para la tabla `persona`
--

CREATE TABLE `persona` (
  `id_persona` int(11) NOT NULL,
  `tipo_documento` enum('DNI','RUC','CE','NO_ESPECIFICADO') NOT NULL DEFAULT 'NO_ESPECIFICADO',
  `numero_documento` varchar(20) DEFAULT NULL,
  `nombre_completo` varchar(200) NOT NULL,
  `telefono` varchar(20) DEFAULT NULL,
  `direccion` varchar(200) DEFAULT NULL,
  `coordenadas` varchar(100) DEFAULT NULL,
  `activo` tinyint(1) DEFAULT 1,
  `fecha_registro` timestamp NOT NULL DEFAULT current_timestamp()
) ENGINE=InnoDB DEFAULT CHARSET=utf8mb4 COLLATE=utf8mb4_general_ci;

--
-- Volcado de datos para la tabla `persona`
--

INSERT INTO `persona` (`id_persona`, `tipo_documento`, `numero_documento`, `nombre_completo`, `telefono`, `direccion`, `coordenadas`, `activo`, `fecha_registro`) VALUES
(1, 'DNI', '70123456', 'Juan P茅rez', '912345678', 'Av. Principal 123', NULL, 1, '2025-10-18 20:18:44'),
(2, 'DNI', '70876543', 'Mar铆a Garc铆a', '912867430', 'JC4P+3MJ Pucallpa', '', 1, '2025-10-18 20:18:44'),
(3, 'DNI', '71234567', 'Carlos L贸pez', '934210987', 'Jr. Union 789', NULL, 1, '2025-10-18 20:18:44'),
(4, 'RUC', '20123456789', 'Proveedor Agua Pura SAC', '945678321', 'Av. Industrial 123', NULL, 1, '2025-10-18 20:18:44'),
(5, 'RUC', '20123456788', 'Insumos Beverage Per煤', '976543210', 'Calle Los Olivos 456', NULL, 1, '2025-10-18 20:18:44'),
(6, 'DNI', '70000001', 'Administrador Sistema', '997654321', 'Direcci贸n Admin', NULL, 1, '2025-10-18 20:18:44'),
(7, 'DNI', '77722728', 'Axel Leandro Cohen Panduro', '959203847', 'Av. Mercado 111', '-12.046374,-77.042793', 1, '2025-10-18 20:18:44'),
(8, 'RUC', '20111111111', 'Restaurante La Olla SAC', '947331209', 'JC7M+JHQ Pucallpa', '-12.046374,-77.042793', 1, '2025-10-18 20:18:44'),
(9, 'DNI', '44443222', 'Diego Fabricio Chavarry Macuyama', '986472315', 'Jr. Deportes 333', '-12.046374,-77.042793', 1, '2025-10-18 20:18:44'),
(10, 'DNI', '61430576', 'Rodrigo Eduardo Meza Lomas', '918711805', 'Av. Bellavista 1055', NULL, 1, '2025-10-23 03:39:46'),
(11, 'DNI', '83819371', 'michel ', '982638432', 'Jr.los cedros', '-12.2652765,-76.8639302', 1, '2025-10-26 22:28:02'),
(12, 'DNI', '73910292', 'Luis Torres Paredes', '982837932', 'jr.los mangos ms 3 lt 2', NULL, 1, '2025-10-26 22:34:51'),
(13, 'DNI', '76162729', 'Paolo Cesar Fumachi Lopez', '961739701', 'JC2H+CX4 Pucallpa', '', 1, '2025-10-28 03:36:35'),
(16, 'DNI', '72839299', 'Leydi', '965068226', 'av.urbanizacion', '', 1, '2025-11-06 14:56:45'),
(20, 'DNI', '71938290', 'Dennys gongora Farina', '988728323', 'Jr.28 de julio', NULL, 1, '2025-11-10 14:18:04'),
(21, 'DNI', '72621231', 'Elizabeth lopez', '917566979', 'jr.los naranjanos', NULL, 1, '2025-11-10 15:32:34'),
(22, 'DNI', '72829020', 'Jose manuela Rojas Panduro', '988172822', 'av. centenario 300', '', 1, '2025-11-10 15:33:37'),
(23, 'DNI', '71312341', 'Felix Reategui Lopez', '924121212', 'av.tupac amaru ', NULL, 1, '2025-11-10 15:37:16'),
(24, 'NO_ESPECIFICADO', 'TEMP-1762791480853-y', 'Julio Carlos Santillama', '945232411', 'jr.las flores mz.12 lt.5', NULL, 1, '2025-11-10 16:18:00'),
(25, 'NO_ESPECIFICADO', 'TEMP-1762791727082-y', 'Cristiano Ronaldo dos Santos Aveiro', '927810192', 'Av. Centenario 524, Pucallpa 25000', NULL, 1, '2025-11-10 16:22:07'),
(26, 'DNI', '72022898', 'Raul Murrieta ', '928393833', 'jr.urubamba ', NULL, 1, '2025-11-12 17:28:01'),
(27, 'NO_ESPECIFICADO', 'TEMP-1762971373153-0', 'Ernesto Gabriel Rengifo Lopez', '978292229', 'JC3J+8MF, Jir贸n Antonio V谩squez R., Pucallpa 25002', '', 1, '2025-11-12 18:16:13'),
(28, 'NO_ESPECIFICADO', 'TEMP-1763574715329-i', 'Luciana Canesa', '982938828', 'AV. Los cedros mz.b lt.5', NULL, 1, '2025-11-19 17:51:55'),
(29, 'DNI', '42288795', 'raul portugal padilla', '930613571', 'urb. imosa mz.A lt.9', NULL, 1, '2025-11-19 18:13:02'),
(30, 'RUC', '203992828922', 'Agua Manantial S.A.C', '989392892', 'jr.macisea', NULL, 1, '2025-11-19 18:42:45'),
(31, 'NO_ESPECIFICADO', 'TEMP-1763941724191-q', 'miguel angel', '934734256', 'Hospital II Ram贸n Castilla', NULL, 1, '2025-11-23 23:48:44'),
(32, 'RUC', '203330209223', 'Agua Manantial pucallpa', '983923432', 'jr.centenario 504', NULL, 1, '2025-11-24 19:41:15'),
(33, 'DNI', '72235341', 'Miguel Angel Velazques Rosas', '939702033', 'Jr.Los cedros mz.A lt.3', NULL, 1, '2025-12-28 15:57:15');

-- --------------------------------------------------------

--
-- Estructura de tabla para la tabla `producto`
--

CREATE TABLE `producto` (
  `id_producto` int(11) NOT NULL,
  `nombre` varchar(100) NOT NULL,
  `id_categoria` int(11) DEFAULT NULL,
  `id_marca` int(11) NOT NULL,
  `presentacion` varchar(50) DEFAULT NULL,
  `volumen` varchar(20) DEFAULT NULL,
  `precio` decimal(10,2) NOT NULL,
  `stock` int(11) DEFAULT 0,
  `stock_minimo` int(11) DEFAULT 0,
  `id_proveedor` int(11) DEFAULT NULL,
  `id_pais_origen` int(11) DEFAULT NULL,
  `descripcion` text DEFAULT NULL,
  `activo` tinyint(1) DEFAULT 1,
  `fecha_creacion` timestamp NOT NULL DEFAULT current_timestamp()
) ENGINE=InnoDB DEFAULT CHARSET=utf8mb4 COLLATE=utf8mb4_general_ci;

--
-- Volcado de datos para la tabla `producto`
--

INSERT INTO `producto` (`id_producto`, `nombre`, `id_categoria`, `id_marca`, `presentacion`, `volumen`, `precio`, `stock`, `stock_minimo`, `id_proveedor`, `id_pais_origen`, `descripcion`, `activo`, `fecha_creacion`) VALUES
(1, 'Bid贸n Agua Bella', 1, 1, 'Bid贸n', '20L', 4.00, 342, 20, 1, 1, 'Agua purificada en pr谩ctico bid贸n, ideal para el consumo diario y mantener una hidrataci贸n saludable.', 1, '2025-10-18 20:18:44'),
(2, 'Bid贸n Agua Vi帽a', 1, 2, 'Bid贸n', '20L', 4.50, 625, 15, 1, 1, 'Agua natural de excelente pureza en bid贸n, perfecta para el hogar o la oficina.', 1, '2025-10-18 20:18:44'),
(3, 'Paquete de Botella Agua Bella', 2, 1, 'Botella PET', '650ml', 6.00, 1018, 50, 1, 1, 'Pack de botellas de agua pura y ligera, ideal para llevar a cualquier lugar.', 1, '2025-10-18 20:18:44'),
(4, 'Paquete de Botella Agua Vi帽a', 2, 2, 'Botella PET', '600ml', 7.50, 530, 30, 1, 1, 'Pack de agua natural en botellas individuales, refrescante y de gran calidad.', 1, '2025-10-18 20:18:44');

-- --------------------------------------------------------

--
-- Estructura de tabla para la tabla `proveedor`
--

CREATE TABLE `proveedor` (
  `id_proveedor` int(11) NOT NULL,
  `id_persona` int(11) NOT NULL,
  `razon_social` varchar(200) NOT NULL,
  `activo` tinyint(1) DEFAULT 1,
  `fecha_registro` timestamp NOT NULL DEFAULT current_timestamp()
) ENGINE=InnoDB DEFAULT CHARSET=utf8mb4 COLLATE=utf8mb4_general_ci;

--
-- Volcado de datos para la tabla `proveedor`
--

INSERT INTO `proveedor` (`id_proveedor`, `id_persona`, `razon_social`, `activo`, `fecha_registro`) VALUES
(1, 4, 'Proveedor Agua Pura SAC', 1, '2025-10-18 20:18:44'),
(2, 5, 'Insumos Beverage Per煤', 1, '2025-10-18 20:18:44'),
(3, 26, 'Agua y Vida sac', 1, '2025-11-12 17:28:01'),
(4, 30, 'Manantial ', 1, '2025-11-19 18:42:45'),
(5, 32, 'Manantial pucallpa', 1, '2025-11-24 19:41:15');

-- --------------------------------------------------------

--
-- Estructura de tabla para la tabla `provincia`
--

CREATE TABLE `provincia` (
  `id_provincia` int(11) NOT NULL,
  `provincia` varchar(100) NOT NULL,
  `id_departamento` int(11) NOT NULL
) ENGINE=InnoDB DEFAULT CHARSET=utf8mb4 COLLATE=utf8mb4_general_ci;

--
-- Volcado de datos para la tabla `provincia`
--

INSERT INTO `provincia` (`id_provincia`, `provincia`, `id_departamento`) VALUES
(1, 'Lima', 1),
(2, 'Huaura', 1),
(3, 'Ca帽ete', 1);

-- --------------------------------------------------------

--
-- Estructura de tabla para la tabla `repartidor`
--

CREATE TABLE `repartidor` (
  `id_repartidor` int(11) NOT NULL,
  `id_persona` int(11) NOT NULL,
  `placa_furgon` varchar(20) DEFAULT NULL,
  `activo` tinyint(1) DEFAULT 1,
  `fecha_contratacion` date DEFAULT NULL,
  `fecha_creacion` timestamp NOT NULL DEFAULT current_timestamp()
) ENGINE=InnoDB DEFAULT CHARSET=utf8mb4 COLLATE=utf8mb4_general_ci;

--
-- Volcado de datos para la tabla `repartidor`
--

INSERT INTO `repartidor` (`id_repartidor`, `id_persona`, `placa_furgon`, `activo`, `fecha_contratacion`, `fecha_creacion`) VALUES
(1, 1, 'ABC-123', 1, '2024-01-15', '2025-10-18 20:18:44'),
(2, 2, 'DEF-456', 1, '2024-02-01', '2025-10-18 20:18:44'),
(3, 3, 'GHI-789', 1, '2024-01-20', '2025-10-18 20:18:44');

-- --------------------------------------------------------

--
-- Estructura de tabla para la tabla `rol`
--

CREATE TABLE `rol` (
  `id_rol` int(11) NOT NULL,
  `rol` varchar(50) NOT NULL
) ENGINE=InnoDB DEFAULT CHARSET=utf8mb4 COLLATE=utf8mb4_general_ci;

--
-- Volcado de datos para la tabla `rol`
--

INSERT INTO `rol` (`id_rol`, `rol`) VALUES
(1, 'Administrador'),
(2, 'Vendedor'),
(3, 'Repartidor'),
(4, 'Almacenero');

-- --------------------------------------------------------

--
-- Estructura de tabla para la tabla `sistema_bitacora`
--

CREATE TABLE `sistema_bitacora` (
  `id_bitacora` int(11) NOT NULL,
  `modulo` varchar(50) NOT NULL,
  `accion` varchar(50) NOT NULL,
  `descripcion` text NOT NULL,
  `id_usuario` int(11) DEFAULT NULL,
  `id_referencia` int(11) DEFAULT NULL,
  `fecha_registro` timestamp NOT NULL DEFAULT current_timestamp(),
  `ip_origen` varchar(45) DEFAULT NULL,
  `user_agent` text DEFAULT NULL
) ENGINE=InnoDB DEFAULT CHARSET=utf8mb4 COLLATE=utf8mb4_general_ci;

--
-- Volcado de datos para la tabla `sistema_bitacora`
--

INSERT INTO `sistema_bitacora` (`id_bitacora`, `modulo`, `accion`, `descripcion`, `id_usuario`, `id_referencia`, `fecha_registro`, `ip_origen`, `user_agent`) VALUES
(1, 'entregas_dinero', 'registro', 'Repartidor Juan P茅rez entreg贸 S/ 600 (efectivo)', 8, 1, '2025-12-28 20:45:45', NULL, NULL),
(2, 'entregas_dinero', 'registro', 'Repartidor Carlos L贸pez entreg贸 S/ 53.5 (efectivo)', 10, 2, '2025-12-28 22:03:19', NULL, NULL),
(3, 'entregas_dinero', 'registro', 'Repartidor Juan P茅rez entreg贸 S/ 1110.5 (efectivo)', 8, 4, '2025-12-29 01:39:32', NULL, NULL),
(4, 'entregas_dinero', 'registro', 'Repartidor Juan P茅rez entreg贸 S/ 1110.5 (efectivo)', 8, 5, '2025-12-29 01:40:22', NULL, NULL);

-- --------------------------------------------------------

--
-- Estructura de tabla para la tabla `sunat_configuracion`
--

CREATE TABLE `sunat_configuracion` (
  `id_config` int(11) NOT NULL,
  `ruc` varchar(11) NOT NULL,
  `nombre_empresa` varchar(255) NOT NULL,
  `direccion` varchar(500) DEFAULT NULL,
  `telefono` varchar(20) DEFAULT NULL,
  `email` varchar(100) DEFAULT NULL,
  `serie_boleta` varchar(10) NOT NULL DEFAULT '0001',
  `serie_factura` varchar(10) NOT NULL DEFAULT '0001',
  `usuario_sunat` varchar(100) DEFAULT NULL,
  `usuario_sol` varchar(100) DEFAULT NULL,
  `ambiente` varchar(20) DEFAULT 'pruebas' COMMENT 'pruebas o produccion',
  `activo` tinyint(1) DEFAULT 1,
  `fecha_creacion` timestamp NOT NULL DEFAULT current_timestamp(),
  `fecha_actualizacion` timestamp NOT NULL DEFAULT current_timestamp() ON UPDATE current_timestamp()
) ENGINE=InnoDB DEFAULT CHARSET=utf8mb4 COLLATE=utf8mb4_general_ci;

--
-- Volcado de datos para la tabla `sunat_configuracion`
--

INSERT INTO `sunat_configuracion` (`id_config`, `ruc`, `nombre_empresa`, `direccion`, `telefono`, `email`, `serie_boleta`, `serie_factura`, `usuario_sunat`, `usuario_sol`, `ambiente`, `activo`, `fecha_creacion`, `fecha_actualizacion`) VALUES
(1, '20612278815', 'GENERAL SERVICE VIA E.I.R.L.', 'OTR.PRIMAVERA MZA. 25 LOTE. 1 A.H. PRIMAVERA', NULL, NULL, '0001', '0001', NULL, NULL, 'pruebas', 1, '2025-12-05 03:01:02', '2025-12-05 03:01:02');

-- --------------------------------------------------------

--
-- Estructura de tabla para la tabla `tracking_ubicacion`
--

CREATE TABLE `tracking_ubicacion` (
  `id_tracking` int(11) NOT NULL,
  `id_repartidor` int(11) NOT NULL,
  `id_venta` int(11) DEFAULT NULL,
  `latitud` decimal(10,8) NOT NULL,
  `longitud` decimal(11,8) NOT NULL,
  `velocidad` decimal(5,2) DEFAULT NULL,
  `precision_gps` decimal(5,2) DEFAULT NULL,
  `bateria_nivel` int(11) DEFAULT NULL,
  `timestamp_gps` timestamp NOT NULL DEFAULT current_timestamp()
) ENGINE=InnoDB DEFAULT CHARSET=utf8mb4 COLLATE=utf8mb4_general_ci;

-- --------------------------------------------------------

--
-- Estructura de tabla para la tabla `usuario`
--

CREATE TABLE `usuario` (
  `id_usuario` int(11) NOT NULL,
  `nombre_usuario` varchar(100) NOT NULL,
  `email` varchar(100) DEFAULT NULL,
  `password` varchar(255) NOT NULL,
  `id_rol` int(11) NOT NULL,
  `id_persona` int(11) NOT NULL,
  `activo` tinyint(1) DEFAULT 1,
  `fecha_creacion` timestamp NOT NULL DEFAULT current_timestamp(),
  `fecha_actualizacion` timestamp NOT NULL DEFAULT current_timestamp() ON UPDATE current_timestamp()
) ENGINE=InnoDB DEFAULT CHARSET=utf8mb4 COLLATE=utf8mb4_general_ci;

--
-- Volcado de datos para la tabla `usuario`
--

INSERT INTO `usuario` (`id_usuario`, `nombre_usuario`, `email`, `password`, `id_rol`, `id_persona`, `activo`, `fecha_creacion`, `fecha_actualizacion`) VALUES
(3, 'admin', 'admin@sistemaagua.com', '$2b$10$/0flwtx54/nkPXRbYEiOA.0uijO7K/bIq/osaG8HScJkFbek/UNf.', 1, 6, 1, '2025-10-21 01:38:47', '2025-11-19 13:44:04'),
(5, 'rodre', 'rrodrigomzls@gmail.com', '$2b$10$kvuSSdCSEu/pnm4dqUt.aev2dKK0pcUsreHNtoPWNGtP.lqSN9oNG', 2, 10, 1, '2025-10-23 03:42:18', '2025-10-28 14:40:00'),
(6, 'Paolo', 'cesarfumachi2002@gmail.com', '$2b$10$8veD/rOo2O8OUiAV2ZzcA.qRWXS2SehRvgTARvH5gs8h4.ASVN8Jy', 2, 13, 1, '2025-10-28 03:36:35', '2025-12-03 13:55:24'),
(8, 'Juan', 'juan@gmail.com', '$2b$10$32yxolacpgqblM0RaiSF9OYyyz3L7SjhFjZ19gt1Xw5FRZlwxiLlC', 3, 1, 1, '2025-10-31 21:23:33', '2025-12-23 17:21:39'),
(9, 'Leydi', 'Leydi@gmail.com', '$2b$10$MGGDaEKFnDHAREhlRpXg8uLDp142golIU3vf6zaPA4idL2ZVktyFG', 4, 16, 1, '2025-11-06 14:57:55', '2025-12-23 16:52:41'),
(10, 'Carlos', 'Carlos2023@gmail.com', '$2b$10$xAXh8WHUmNYldm42u8id.ulJsDrofTaVkcdFox4R7lMoi9iz1ZUfq', 3, 3, 1, '2025-11-24 00:56:20', '2025-11-24 00:56:20'),
(11, 'Maria', 'maria34suta@gmail.com', '$2b$10$J63Ut0EIWZMAMeZeTEdII.K0YzqQm6WE1AbJ5GO55v4K/5CMJdie6', 3, 2, 1, '2025-12-17 14:35:43', '2025-12-17 14:35:43');

-- --------------------------------------------------------

--
-- Estructura de tabla para la tabla `venta`
--

CREATE TABLE `venta` (
  `id_venta` int(11) NOT NULL,
  `id_cliente` int(11) NOT NULL,
  `fecha` date NOT NULL,
  `hora` time DEFAULT NULL,
  `total` decimal(10,2) NOT NULL,
  `id_metodo_pago` int(11) NOT NULL,
  `id_estado_venta` int(11) NOT NULL,
  `id_repartidor` int(11) DEFAULT NULL,
  `id_vendedor` int(11) DEFAULT NULL,
  `notas` text DEFAULT NULL,
  `fecha_creacion` timestamp NOT NULL DEFAULT current_timestamp(),
  `fecha_actualizacion` timestamp NOT NULL DEFAULT current_timestamp() ON UPDATE current_timestamp(),
  `fecha_inicio_ruta` datetime DEFAULT NULL,
  `fecha_fin_ruta` datetime DEFAULT NULL,
  `ubicacion_inicio_ruta` varchar(255) DEFAULT NULL,
  `tracking_activo` tinyint(1) DEFAULT 0,
  `comprobante_emitido` tinyint(1) DEFAULT 0,
  `tipo_comprobante_solicitado` varchar(20) DEFAULT NULL COMMENT 'FACTURA, BOLETA, SIN_COMPROBANTE'
) ENGINE=InnoDB DEFAULT CHARSET=utf8mb4 COLLATE=utf8mb4_general_ci;

--
-- Volcado de datos para la tabla `venta`
--

INSERT INTO `venta` (`id_venta`, `id_cliente`, `fecha`, `hora`, `total`, `id_metodo_pago`, `id_estado_venta`, `id_repartidor`, `id_vendedor`, `notas`, `fecha_creacion`, `fecha_actualizacion`, `fecha_inicio_ruta`, `fecha_fin_ruta`, `ubicacion_inicio_ruta`, `tracking_activo`, `comprobante_emitido`, `tipo_comprobante_solicitado`) VALUES
(2, 3, '2025-10-21', '10:20:05', 8.50, 1, 7, NULL, 3, 'Se vendio un bidon de agua.', '2025-10-21 15:20:05', '2025-12-16 03:44:25', NULL, NULL, NULL, 0, 1, NULL),
(3, 1, '2025-10-21', '15:38:08', 17.00, 1, 7, 1, 3, 'hsghad', '2025-10-21 20:38:08', '2025-11-03 19:59:25', NULL, NULL, NULL, 0, 0, NULL),
(4, 1, '2025-10-21', '22:52:17', 8.50, 1, 7, 1, 3, '', '2025-10-22 03:52:17', '2025-11-08 21:19:37', NULL, NULL, NULL, 0, 0, NULL),
(5, 4, '2025-10-22', '23:37:32', 8.00, 2, 7, 1, 3, '', '2025-10-23 04:37:32', '2025-11-08 21:19:41', NULL, NULL, NULL, 0, 0, NULL),
(6, 2, '2025-11-01', '16:41:52', 60.00, 1, 7, 1, 5, '', '2025-11-01 21:41:52', '2025-11-08 21:19:45', NULL, NULL, NULL, 0, 0, NULL),
(7, 6, '2025-11-01', '16:46:29', 4.00, 1, 8, 3, 5, ' CANCELACIN REPARTIDOR:  Problema con el veh铆culo de reparto', '2025-11-01 21:46:29', '2025-12-17 20:06:54', '2025-12-17 15:05:58', '2025-12-17 15:06:54', '-8.385828,-74.5587662', 0, 0, NULL),
(8, 3, '2025-11-03', '13:28:51', 18.00, 1, 8, 3, 6, '', '2025-11-03 18:28:51', '2025-11-03 18:32:12', NULL, NULL, NULL, 0, 0, NULL),
(9, 3, '2025-11-09', '16:13:58', 13.50, 1, 8, 1, 3, '', '2025-11-09 21:13:58', '2025-11-09 21:17:36', NULL, NULL, NULL, 0, 0, NULL),
(10, 3, '2025-11-09', '16:22:15', 22.00, 1, 7, 1, 5, '', '2025-11-09 21:22:15', '2025-11-22 05:38:39', '2025-11-22 00:35:43', NULL, '-8.404992,-74.5439232', 1, 0, NULL),
(11, 3, '2025-11-09', '16:39:24', 8.00, 1, 8, 1, 5, ' CANCELACIN REPARTIDOR: no se encuentra en domicilio', '2025-11-09 21:39:24', '2025-11-09 21:45:45', NULL, NULL, NULL, 0, 0, NULL),
(12, 6, '2025-11-09', '17:14:48', 24.00, 1, 7, 1, 5, '', '2025-11-09 22:14:48', '2025-11-22 06:12:40', '2025-11-22 00:51:43', '2025-11-22 01:12:40', '-8.404992,-74.5439232', 0, 0, NULL),
(13, 3, '2025-11-09', '17:17:07', 18.00, 1, 7, 1, 5, '', '2025-11-09 22:17:07', '2025-11-22 16:05:00', '2025-11-22 09:04:15', '2025-11-22 11:05:00', '-8.404992,-74.5439232', 0, 0, NULL),
(14, 11, '2025-11-10', '11:25:35', 51.00, 1, 7, 1, 3, '', '2025-11-10 16:25:35', '2025-11-12 17:23:52', NULL, NULL, NULL, 0, 0, NULL),
(28, 1, '2025-11-12', '15:58:44', 4.00, 1, 7, 1, 3, NULL, '2025-11-12 20:58:44', '2025-11-22 21:31:03', '2025-11-22 15:30:48', '2025-11-22 16:31:03', '-8.404992,-74.5439232', 0, 0, NULL),
(29, 12, '2025-11-13', '09:26:03', 24.00, 1, 7, 1, 3, NULL, '2025-11-13 14:26:03', '2025-11-22 20:15:50', '2025-11-22 15:02:30', '2025-11-22 15:15:50', '-8.404992,-74.5439232', 0, 0, NULL),
(30, 11, '2025-11-17', '15:57:25', 4.00, 1, 7, 1, 3, NULL, '2025-11-17 20:57:25', '2025-11-22 18:50:28', NULL, NULL, NULL, 0, 0, NULL),
(31, 13, '2025-11-19', '12:53:16', 60.00, 1, 7, 1, 3, NULL, '2025-11-19 17:53:16', '2025-11-19 17:56:43', NULL, NULL, NULL, 0, 0, NULL),
(32, 14, '2025-11-19', '13:13:41', 4.00, 1, 7, 1, 3, NULL, '2025-11-19 18:13:41', '2025-11-19 18:30:46', NULL, NULL, NULL, 0, 0, NULL),
(33, 1, '2025-11-19', '13:17:41', 6.00, 1, 7, 1, 3, NULL, '2025-11-19 18:17:41', '2025-11-22 18:37:31', '2025-11-22 13:14:53', '2025-11-22 13:37:31', '-8.404992,-74.5439232', 0, 0, NULL),
(34, 11, '2025-11-23', '13:26:24', 30.00, 1, 7, 1, 6, NULL, '2025-11-23 18:26:24', '2025-11-23 19:08:16', '2025-11-23 13:59:45', '2025-11-23 14:08:16', NULL, 0, 0, NULL),
(35, 7, '2025-11-23', '14:08:42', 24.00, 2, 7, 1, 6, NULL, '2025-11-23 19:08:42', '2025-11-26 05:15:35', '2025-11-23 14:09:04', '2025-11-26 00:15:35', '-8.4059961,-74.5814659', 0, 0, NULL),
(36, 3, '2025-11-23', '14:57:21', 4.00, 1, 7, 1, 6, NULL, '2025-11-23 19:57:21', '2025-12-02 19:20:13', '2025-11-23 14:57:45', '2025-12-02 14:20:13', '-8.4059961,-74.5814659', 0, 0, NULL),
(37, 10, '2025-11-23', '15:40:38', 6.00, 1, 7, 1, 6, NULL, '2025-11-23 20:40:38', '2025-11-24 20:02:26', '2025-11-23 15:41:07', '2025-11-24 15:02:26', '-8.4059961,-74.5814659', 0, 0, NULL),
(38, 3, '2025-11-23', '17:43:23', 4.50, 1, 7, 1, 6, NULL, '2025-11-23 22:43:23', '2025-11-23 22:46:55', '2025-11-23 17:43:52', '2025-11-23 17:46:55', '-12.075008,-77.021184', 0, 0, NULL),
(39, 3, '2025-11-23', '17:50:23', 6.00, 1, 7, 1, 6, NULL, '2025-11-23 22:50:23', '2025-12-14 21:13:52', '2025-11-23 17:58:57', '2025-11-23 18:00:39', '-8.3881305,-74.5668224', 0, 1, NULL),
(40, 1, '2025-11-23', '18:07:04', 9.00, 2, 8, 1, 6, ' CANCELACIN REPARTIDOR:  Cliente no disponible en la direcci贸n', '2025-11-23 23:07:04', '2025-12-17 16:06:17', NULL, NULL, NULL, 0, 0, NULL),
(41, 15, '2025-11-23', '18:49:52', 12.00, 2, 8, 1, 6, ' CANCELACIN REPARTIDOR:  Cliente no disponible en la direcci贸n', '2025-11-23 23:49:52', '2025-12-17 16:06:00', '2025-12-12 21:10:07', '2025-12-17 11:06:00', '-12.075008,-77.021184', 0, 0, NULL),
(42, 8, '2025-11-23', '19:49:14', 6.00, 1, 7, 3, 6, NULL, '2025-11-24 00:49:14', '2025-12-21 03:32:39', '2025-12-20 22:30:04', '2025-12-20 22:32:39', '-8.385828,-74.5587662', 0, 0, NULL),
(43, 12, '2025-11-23', '19:50:31', 8.00, 2, 7, 3, 6, NULL, '2025-11-24 00:50:31', '2025-12-16 03:10:24', '2025-11-23 19:57:53', '2025-12-10 21:53:03', '-12.075008,-77.021184', 0, 1, NULL),
(44, 3, '2025-11-24', '14:31:24', 12.00, 2, 7, 1, 6, NULL, '2025-11-24 19:31:24', '2025-12-16 03:04:55', '2025-11-24 14:33:20', '2025-11-24 14:35:49', '-8.3918551,-74.5538237', 0, 1, NULL),
(45, 15, '2025-12-02', '14:20:53', 24.00, 1, 8, 3, 6, ' CANCELACIN REPARTIDOR: 锔 Zona insegura para la entrega', '2025-12-02 19:20:53', '2025-12-21 03:31:55', NULL, NULL, NULL, 0, 0, NULL),
(46, 12, '2025-12-03', '08:56:19', 600.00, 1, 7, 1, 6, NULL, '2025-12-03 13:56:19', '2025-12-03 14:01:32', '2025-12-03 09:00:14', '2025-12-03 09:01:32', '-12.075008,-77.0244608', 0, 0, NULL),
(47, 11, '2025-12-04', '23:49:17', 4.50, 1, 8, 3, 3, ' CANCELACIN REPARTIDOR:  Problema con el veh铆culo de reparto', '2025-12-05 04:49:17', '2025-12-21 03:32:25', NULL, NULL, NULL, 0, 0, NULL),
(48, 1, '2025-12-05', '20:01:52', 4.50, 1, 8, 3, 3, ' CANCELACIN REPARTIDOR:  Direcci贸n incorrecta o inexistente', '2025-12-06 01:01:52', '2025-12-21 03:32:05', NULL, NULL, NULL, 0, 0, NULL),
(49, 7, '2025-12-05', '21:19:13', 30.00, 1, 7, 1, 6, NULL, '2025-12-06 02:19:13', '2025-12-06 02:21:12', '2025-12-05 21:20:01', '2025-12-05 21:21:12', '-8.391052,-74.5701546', 0, 0, NULL),
(50, 1, '2025-12-16', '22:54:28', 4.50, 1, 7, 2, 3, NULL, '2025-12-17 03:54:28', '2025-12-17 14:50:32', '2025-12-17 09:35:55', '2025-12-17 09:49:54', '-8.385828,-74.5587662', 0, 1, NULL),
(51, 12, '2025-12-17', '11:04:28', 15.00, 1, 8, 1, 3, ' CANCELACIN REPARTIDOR:  Cliente no disponible en la direcci贸n', '2025-12-17 16:04:28', '2025-12-17 16:06:11', NULL, NULL, NULL, 0, 0, NULL),
(52, 12, '2025-12-17', '11:07:08', 15.00, 1, 7, 1, 3, NULL, '2025-12-17 16:07:08', '2025-12-17 16:09:13', '2025-12-17 11:07:25', '2025-12-17 11:08:38', '-8.385828,-74.5587662', 0, 1, NULL),
(53, 10, '2025-12-17', '14:21:30', 12.00, 1, 7, 3, 3, NULL, '2025-12-17 19:21:30', '2025-12-17 19:48:02', '2025-12-17 14:43:58', '2025-12-17 14:47:02', '-8.385828,-74.5587662', 0, 1, 'BOLETA'),
(54, 1, '2025-12-17', '15:04:17', 10.50, 1, 8, 3, 3, ' CANCELACIN REPARTIDOR:  Horario de entrega inconveniente', '2025-12-17 20:04:17', '2025-12-21 03:32:16', NULL, NULL, NULL, 0, 0, 'SIN_COMPROBANTE'),
(55, 1, '2025-12-18', '00:31:50', 12.00, 1, 7, 1, 3, NULL, '2025-12-18 05:31:50', '2025-12-22 13:46:24', '2025-12-18 11:45:35', '2025-12-22 08:46:24', '-8.385828,-74.5587662', 0, 0, 'BOLETA'),
(56, 3, '2025-12-19', '13:01:35', 12.00, 2, 7, 3, 3, NULL, '2025-12-19 18:01:35', '2025-12-19 18:07:20', '2025-12-19 13:03:19', '2025-12-19 13:07:05', '-12.075008,-77.021184', 0, 1, 'BOLETA'),
(57, 10, '2025-12-20', '22:28:02', 6.00, 1, 7, 2, 3, NULL, '2025-12-21 03:28:02', '2025-12-29 00:05:39', '2025-12-20 22:34:53', '2025-12-28 19:05:39', '-8.385828,-74.5587662', 0, 0, 'BOLETA'),
(58, 16, '2025-12-28', '10:57:58', 600.00, 1, 7, 1, 3, NULL, '2025-12-28 15:57:58', '2025-12-28 18:03:02', '2025-12-28 11:01:49', '2025-12-28 13:03:02', '-8.3990359,-74.5698964', 0, 0, 'FACTURA'),
(59, 7, '2025-12-28', '13:02:09', 53.50, 1, 7, 3, 3, NULL, '2025-12-28 18:02:09', '2025-12-28 18:13:58', '2025-12-28 13:04:23', '2025-12-28 13:11:59', '-8.404992,-74.5340928', 0, 1, 'BOLETA'),
(60, 1, '2025-12-28', '19:12:25', 8.50, 2, 7, 1, 3, NULL, '2025-12-29 00:12:25', '2025-12-29 00:18:39', '2025-12-28 19:14:30', '2025-12-28 19:18:39', '-8.404992,-74.5340928', 0, 0, 'BOLETA'),
(61, 3, '2025-12-28', '19:13:01', 33.00, 1, 7, 1, 3, NULL, '2025-12-29 00:13:01', '2025-12-29 00:18:42', '2025-12-28 19:16:20', '2025-12-28 19:18:42', '-8.404992,-74.5340928', 0, 0, 'BOLETA'),
(62, 8, '2025-12-28', '19:13:48', 15.00, 1, 7, 1, 3, NULL, '2025-12-29 00:13:48', '2025-12-29 00:18:45', '2025-12-28 19:16:59', '2025-12-28 19:18:45', '-8.404992,-74.5340928', 0, 0, 'FACTURA'),
(63, 7, '2025-12-29', '12:17:25', 4.00, 1, 7, 3, 3, NULL, '2025-12-29 17:17:25', '2025-12-29 17:26:39', '2025-12-29 12:22:59', '2025-12-29 12:26:39', '-8.404992,-74.5340928', 0, 0, 'BOLETA'),
(64, 1, '2025-12-29', '12:18:44', 24.00, 2, 7, 2, 3, NULL, '2025-12-29 17:18:44', '2025-12-29 17:27:43', '2025-12-29 12:21:59', '2025-12-29 12:27:43', '-8.404992,-74.5340928', 0, 0, 'SIN_COMPROBANTE'),
(65, 3, '2025-12-29', '12:19:10', 30.00, 1, 7, 2, 3, NULL, '2025-12-29 17:19:10', '2025-12-29 17:27:46', '2025-12-29 12:23:27', '2025-12-29 12:27:46', '-8.404992,-74.5340928', 0, 0, 'BOLETA'),
(66, 10, '2025-12-29', '12:19:37', 12.00, 2, 7, 3, 3, NULL, '2025-12-29 17:19:37', '2025-12-29 17:26:45', '2025-12-29 12:23:05', '2025-12-29 12:26:45', '-8.404992,-74.5340928', 0, 0, 'BOLETA'),
(67, 12, '2025-12-29', '12:20:06', 22.50, 2, 7, 1, 3, NULL, '2025-12-29 17:20:06', '2025-12-29 18:27:53', '2025-12-29 12:21:35', '2025-12-29 13:27:53', '-8.404992,-74.5340928', 0, 0, 'BOLETA'),
(68, 3, '2025-12-29', '12:20:29', 15.00, 2, 7, 1, 3, NULL, '2025-12-29 17:20:29', '2025-12-29 18:28:05', '2025-12-29 12:22:34', '2025-12-29 13:28:05', '-8.404992,-74.5340928', 0, 0, 'BOLETA'),
(69, 1, '2025-12-30', '10:41:16', 4.00, 2, 7, 1, 3, NULL, '2025-12-30 15:41:16', '2025-12-30 16:43:29', '2025-12-30 11:41:04', '2025-12-30 11:43:29', '-8.404992,-74.5340928', 0, 0, 'BOLETA'),
(70, 7, '2025-12-30', '13:15:04', 4.00, 2, 7, 3, 3, NULL, '2025-12-30 18:15:04', '2025-12-30 18:22:41', '2025-12-30 13:15:25', '2025-12-30 13:22:41', '-8.404992,-74.5340928', 0, 0, 'BOLETA'),
(71, 11, '2025-12-30', '13:24:32', 4.50, 1, 7, 2, 3, NULL, '2025-12-30 18:24:32', '2025-12-30 18:27:23', '2025-12-30 13:25:09', '2025-12-30 13:27:23', '-8.404992,-74.5340928', 0, 0, 'BOLETA'),
(72, 8, '2025-12-30', '13:28:17', 7.50, 3, 7, 2, 3, NULL, '2025-12-30 18:28:17', '2025-12-30 18:29:58', '2025-12-30 13:28:41', '2025-12-30 13:29:58', '-8.404992,-74.5340928', 0, 0, 'BOLETA'),
(73, 12, '2025-12-30', '13:31:12', 6.00, 4, 7, 3, 3, NULL, '2025-12-30 18:31:12', '2025-12-30 18:33:34', '2025-12-30 13:31:27', '2025-12-30 13:33:34', '-8.404992,-74.5340928', 0, 0, 'BOLETA');

-- --------------------------------------------------------

--
-- Estructura de tabla para la tabla `venta_detalle`
--

CREATE TABLE `venta_detalle` (
  `id_detalle` int(11) NOT NULL,
  `id_venta` int(11) NOT NULL,
  `id_producto` int(11) NOT NULL,
  `cantidad` int(11) NOT NULL,
  `precio_unitario` decimal(10,2) NOT NULL,
  `subtotal` decimal(10,2) GENERATED ALWAYS AS (`cantidad` * `precio_unitario`) STORED
) ENGINE=InnoDB DEFAULT CHARSET=utf8mb4 COLLATE=utf8mb4_general_ci;

--
-- Volcado de datos para la tabla `venta_detalle`
--

INSERT INTO `venta_detalle` (`id_detalle`, `id_venta`, `id_producto`, `cantidad`, `precio_unitario`) VALUES
(1, 2, 1, 1, 8.50),
(2, 3, 1, 2, 8.50),
(3, 4, 1, 1, 8.50),
(4, 5, 1, 2, 4.00),
(5, 6, 3, 10, 6.00),
(6, 7, 1, 1, 4.00),
(7, 8, 3, 3, 6.00),
(8, 9, 2, 3, 4.50),
(9, 10, 1, 1, 4.00),
(10, 10, 3, 3, 6.00),
(11, 11, 1, 2, 4.00),
(12, 12, 3, 4, 6.00),
(13, 13, 3, 3, 6.00),
(14, 14, 3, 6, 6.00),
(15, 14, 4, 2, 7.50),
(16, 28, 1, 1, 4.00),
(17, 29, 3, 4, 6.00),
(18, 30, 1, 1, 4.00),
(19, 31, 3, 10, 6.00),
(20, 32, 1, 1, 4.00),
(21, 33, 3, 1, 6.00),
(22, 34, 1, 3, 4.00),
(23, 34, 3, 3, 6.00),
(24, 35, 3, 4, 6.00),
(25, 36, 1, 1, 4.00),
(26, 37, 3, 1, 6.00),
(27, 38, 2, 1, 4.50),
(28, 39, 3, 1, 6.00),
(29, 40, 2, 2, 4.50),
(30, 41, 3, 2, 6.00),
(31, 42, 3, 1, 6.00),
(32, 43, 1, 2, 4.00),
(33, 44, 3, 2, 6.00),
(34, 45, 3, 4, 6.00),
(35, 46, 3, 100, 6.00),
(36, 47, 2, 1, 4.50),
(37, 48, 2, 1, 4.50),
(38, 49, 3, 5, 6.00),
(39, 50, 2, 1, 4.50),
(40, 51, 4, 2, 7.50),
(41, 52, 4, 2, 7.50),
(42, 53, 3, 2, 6.00),
(43, 54, 2, 1, 4.50),
(44, 54, 3, 1, 6.00),
(45, 55, 1, 3, 4.00),
(46, 56, 3, 2, 6.00),
(47, 57, 3, 1, 6.00),
(48, 58, 3, 100, 6.00),
(49, 59, 1, 1, 4.00),
(50, 59, 2, 1, 4.50),
(51, 59, 3, 5, 6.00),
(52, 59, 4, 2, 7.50),
(53, 60, 1, 1, 4.00),
(54, 60, 2, 1, 4.50),
(55, 61, 3, 3, 6.00),
(56, 61, 4, 2, 7.50),
(57, 62, 3, 1, 6.00),
(58, 62, 2, 2, 4.50),
(59, 63, 1, 1, 4.00),
(60, 64, 3, 4, 6.00),
(61, 65, 4, 4, 7.50),
(62, 66, 1, 3, 4.00),
(63, 67, 4, 3, 7.50),
(64, 68, 4, 2, 7.50),
(65, 69, 1, 1, 4.00),
(66, 70, 1, 1, 4.00),
(67, 71, 2, 1, 4.50),
(68, 72, 4, 1, 7.50),
(69, 73, 3, 1, 6.00);

-- --------------------------------------------------------

--
-- Estructura de tabla para la tabla `venta_detalle_lote`
--

CREATE TABLE `venta_detalle_lote` (
  `id_venta_detalle_lote` int(11) NOT NULL,
  `id_detalle_venta` int(11) NOT NULL,
  `id_lote` int(11) NOT NULL,
  `cantidad` int(11) NOT NULL
) ENGINE=InnoDB DEFAULT CHARSET=utf8mb4 COLLATE=utf8mb4_general_ci;

--
-- Volcado de datos para la tabla `venta_detalle_lote`
--

INSERT INTO `venta_detalle_lote` (`id_venta_detalle_lote`, `id_detalle_venta`, `id_lote`, `cantidad`) VALUES
(1, 16, 1, 1),
(2, 17, 3, 4),
(3, 18, 1, 1),
(4, 19, 3, 10),
(5, 20, 1, 1),
(6, 21, 3, 1),
(7, 22, 1, 3),
(8, 23, 3, 3),
(9, 24, 3, 4),
(10, 25, 1, 1),
(11, 26, 3, 1),
(12, 27, 2, 1),
(13, 28, 3, 1),
(14, 29, 2, 2),
(15, 30, 3, 2),
(16, 31, 3, 1),
(17, 32, 1, 2),
(18, 33, 3, 2),
(19, 34, 3, 4),
(20, 35, 3, 100),
(21, 36, 2, 1),
(22, 37, 2, 1),
(23, 38, 3, 5),
(24, 39, 2, 1),
(25, 40, 4, 2),
(26, 41, 4, 2),
(27, 42, 3, 2),
(28, 43, 2, 1),
(29, 44, 3, 1),
(30, 45, 1, 3),
(31, 46, 3, 2),
(32, 47, 3, 1),
(33, 48, 3, 56),
(34, 48, 7, 44),
(35, 49, 1, 1),
(36, 50, 2, 1),
(37, 51, 7, 5),
(38, 52, 4, 2),
(39, 53, 1, 1),
(40, 54, 2, 1),
(41, 55, 7, 3),
(42, 56, 4, 2),
(43, 57, 7, 1),
(44, 58, 2, 2),
(45, 59, 1, 1),
(46, 60, 7, 4),
(47, 61, 4, 4),
(48, 62, 1, 3),
(49, 63, 4, 3),
(50, 64, 4, 2),
(51, 65, 1, 1),
(52, 66, 1, 1),
(53, 67, 2, 1),
(54, 68, 4, 1),
(55, 69, 7, 1);

-- --------------------------------------------------------

--
-- Estructura Stand-in para la vista `vw_comprobantes_por_cliente`
-- (V茅ase abajo para la vista actual)
--
CREATE TABLE `vw_comprobantes_por_cliente` (
`id_comprobante` int(11)
,`tipo` varchar(20)
,`serie` varchar(10)
,`numero_secuencial` int(11)
,`cliente` varchar(200)
,`nombre_completo` varchar(200)
,`total` decimal(10,2)
,`estado` varchar(50)
,`fecha_generacion` timestamp
,`fecha_envio` timestamp
,`intentos_envio` int(11)
);

-- --------------------------------------------------------

--
-- Estructura Stand-in para la vista `vw_comprobantes_resumen`
-- (V茅ase abajo para la vista actual)
--
CREATE TABLE `vw_comprobantes_resumen` (
`tipo` varchar(20)
,`estado` varchar(50)
,`cantidad` bigint(21)
,`monto_total` decimal(32,2)
,`ultima_generacion` timestamp
);

-- --------------------------------------------------------

--
-- Estructura Stand-in para la vista `vw_resumen_entregas_diario`
-- (V茅ase abajo para la vista actual)
--
CREATE TABLE `vw_resumen_entregas_diario` (
`fecha` date
,`id_repartidor` int(11)
,`repartidor` varchar(200)
,`entregas_dia` bigint(21)
,`total_dia` decimal(32,2)
,`metodos_utilizados` mediumtext
);

-- --------------------------------------------------------

--
-- Estructura Stand-in para la vista `vw_resumen_entregas_mensual`
-- (V茅ase abajo para la vista actual)
--
CREATE TABLE `vw_resumen_entregas_mensual` (
`ano` int(4)
,`mes` int(2)
,`id_repartidor` int(11)
,`repartidor` varchar(200)
,`entregas_mes` bigint(21)
,`total_mes` decimal(32,2)
,`promedio_entrega` decimal(14,6)
);

-- --------------------------------------------------------

--
-- Estructura para la vista `vw_comprobantes_por_cliente`
--
DROP TABLE IF EXISTS `vw_comprobantes_por_cliente`;

CREATE ALGORITHM=UNDEFINED DEFINER=`root`@`localhost` SQL SECURITY DEFINER VIEW `vw_comprobantes_por_cliente`  AS SELECT `cs`.`id_comprobante` AS `id_comprobante`, `cs`.`tipo` AS `tipo`, `cs`.`serie` AS `serie`, `cs`.`numero_secuencial` AS `numero_secuencial`, `c`.`razon_social` AS `cliente`, `p`.`nombre_completo` AS `nombre_completo`, `cs`.`total` AS `total`, `cs`.`estado` AS `estado`, `cs`.`fecha_generacion` AS `fecha_generacion`, `cs`.`fecha_envio` AS `fecha_envio`, `cs`.`intentos_envio` AS `intentos_envio` FROM (((`comprobante_sunat` `cs` join `venta` `v` on(`cs`.`id_venta` = `v`.`id_venta`)) join `cliente` `c` on(`v`.`id_cliente` = `c`.`id_cliente`)) join `persona` `p` on(`c`.`id_persona` = `p`.`id_persona`)) ;

-- --------------------------------------------------------

--
-- Estructura para la vista `vw_comprobantes_resumen`
--
DROP TABLE IF EXISTS `vw_comprobantes_resumen`;

CREATE ALGORITHM=UNDEFINED DEFINER=`root`@`localhost` SQL SECURITY DEFINER VIEW `vw_comprobantes_resumen`  AS SELECT `comprobante_sunat`.`tipo` AS `tipo`, `comprobante_sunat`.`estado` AS `estado`, count(0) AS `cantidad`, sum(`comprobante_sunat`.`total`) AS `monto_total`, max(`comprobante_sunat`.`fecha_generacion`) AS `ultima_generacion` FROM `comprobante_sunat` GROUP BY `comprobante_sunat`.`tipo`, `comprobante_sunat`.`estado` ;

-- --------------------------------------------------------

--
-- Estructura para la vista `vw_resumen_entregas_diario`
--
DROP TABLE IF EXISTS `vw_resumen_entregas_diario`;

CREATE ALGORITHM=UNDEFINED DEFINER=`root`@`localhost` SQL SECURITY DEFINER VIEW `vw_resumen_entregas_diario`  AS SELECT cast(`edr`.`fecha_entrega` as date) AS `fecha`, `edr`.`id_repartidor` AS `id_repartidor`, `p`.`nombre_completo` AS `repartidor`, count(`edr`.`id_entrega`) AS `entregas_dia`, sum(`edr`.`total`) AS `total_dia`, group_concat(distinct `edr`.`metodo_entrega` order by `edr`.`metodo_entrega` ASC separator ',') AS `metodos_utilizados` FROM ((`entrega_dinero_repartidor` `edr` join `repartidor` `r` on(`edr`.`id_repartidor` = `r`.`id_repartidor`)) join `persona` `p` on(`r`.`id_persona` = `p`.`id_persona`)) WHERE `edr`.`estado` = 'completado' GROUP BY cast(`edr`.`fecha_entrega` as date), `edr`.`id_repartidor` ORDER BY cast(`edr`.`fecha_entrega` as date) DESC ;

-- --------------------------------------------------------

--
-- Estructura para la vista `vw_resumen_entregas_mensual`
--
DROP TABLE IF EXISTS `vw_resumen_entregas_mensual`;

CREATE ALGORITHM=UNDEFINED DEFINER=`root`@`localhost` SQL SECURITY DEFINER VIEW `vw_resumen_entregas_mensual`  AS SELECT year(`edr`.`fecha_entrega`) AS `ano`, month(`edr`.`fecha_entrega`) AS `mes`, `edr`.`id_repartidor` AS `id_repartidor`, `p`.`nombre_completo` AS `repartidor`, count(`edr`.`id_entrega`) AS `entregas_mes`, sum(`edr`.`total`) AS `total_mes`, avg(`edr`.`total`) AS `promedio_entrega` FROM ((`entrega_dinero_repartidor` `edr` join `repartidor` `r` on(`edr`.`id_repartidor` = `r`.`id_repartidor`)) join `persona` `p` on(`r`.`id_persona` = `p`.`id_persona`)) WHERE `edr`.`estado` = 'completado' GROUP BY year(`edr`.`fecha_entrega`), month(`edr`.`fecha_entrega`), `edr`.`id_repartidor` ORDER BY year(`edr`.`fecha_entrega`) DESC, month(`edr`.`fecha_entrega`) DESC ;

--
-- ndices para tablas volcadas
--

--
-- Indices de la tabla `categorias`
--
ALTER TABLE `categorias`
  ADD PRIMARY KEY (`id_categoria`);

--
-- Indices de la tabla `cliente`
--
ALTER TABLE `cliente`
  ADD PRIMARY KEY (`id_cliente`),
  ADD UNIQUE KEY `uk_cliente_persona` (`id_persona`),
  ADD KEY `idx_cliente_tipo` (`tipo_cliente`),
  ADD KEY `idx_cliente_activo` (`activo`),
  ADD KEY `idx_cliente_distrito` (`id_persona`);

--
-- Indices de la tabla `comprobante_sunat`
--
ALTER TABLE `comprobante_sunat`
  ADD PRIMARY KEY (`id_comprobante`),
  ADD UNIQUE KEY `unique_comprobante` (`serie`,`numero_secuencial`,`tipo`),
  ADD KEY `idx_estado` (`estado`),
  ADD KEY `idx_tipo` (`tipo`),
  ADD KEY `idx_fecha` (`fecha_generacion`),
  ADD KEY `idx_comprobante_venta` (`id_venta`),
  ADD KEY `idx_comprobante_serie` (`serie`,`numero_secuencial`),
  ADD KEY `idx_comprobante_fechas` (`fecha_generacion`,`fecha_envio`);

--
-- Indices de la tabla `departamento`
--
ALTER TABLE `departamento`
  ADD PRIMARY KEY (`id_departamento`),
  ADD KEY `id_pais` (`id_pais`);

--
-- Indices de la tabla `distrito`
--
ALTER TABLE `distrito`
  ADD PRIMARY KEY (`id_distrito`),
  ADD KEY `id_provincia` (`id_provincia`);

--
-- Indices de la tabla `entrega_dinero_repartidor`
--
ALTER TABLE `entrega_dinero_repartidor`
  ADD PRIMARY KEY (`id_entrega`),
  ADD KEY `id_usuario_registro` (`id_usuario_registro`),
  ADD KEY `idx_repartidor_fecha` (`id_repartidor`,`fecha_entrega`),
  ADD KEY `idx_fecha_estado` (`fecha_entrega`,`estado`);

--
-- Indices de la tabla `entrega_dinero_ventas`
--
ALTER TABLE `entrega_dinero_ventas`
  ADD PRIMARY KEY (`id_asociacion`),
  ADD KEY `idx_entrega_venta` (`id_entrega`,`id_venta`),
  ADD KEY `idx_venta` (`id_venta`);

--
-- Indices de la tabla `errores_sunat`
--
ALTER TABLE `errores_sunat`
  ADD PRIMARY KEY (`id_error`),
  ADD KEY `id_venta` (`id_venta`);

--
-- Indices de la tabla `estado_pedido_proveedor`
--
ALTER TABLE `estado_pedido_proveedor`
  ADD PRIMARY KEY (`id_estado_pedido`);

--
-- Indices de la tabla `estado_venta`
--
ALTER TABLE `estado_venta`
  ADD PRIMARY KEY (`id_estado_venta`);

--
-- Indices de la tabla `insumo`
--
ALTER TABLE `insumo`
  ADD PRIMARY KEY (`id_insumo`),
  ADD KEY `idx_insumo_activo` (`activo`),
  ADD KEY `idx_insumo_proveedor` (`id_proveedor_principal`);

--
-- Indices de la tabla `lote_producto`
--
ALTER TABLE `lote_producto`
  ADD PRIMARY KEY (`id_lote`),
  ADD KEY `idx_lote_producto` (`id_producto`),
  ADD KEY `idx_lote_caducidad` (`fecha_caducidad`);

--
-- Indices de la tabla `marcas`
--
ALTER TABLE `marcas`
  ADD PRIMARY KEY (`id_marca`);

--
-- Indices de la tabla `metodo_pago`
--
ALTER TABLE `metodo_pago`
  ADD PRIMARY KEY (`id_metodo_pago`);

--
-- Indices de la tabla `movimiento_stock`
--
ALTER TABLE `movimiento_stock`
  ADD PRIMARY KEY (`id_movimiento`),
  ADD KEY `idx_movimiento_producto` (`id_producto`),
  ADD KEY `idx_movimiento_usuario` (`id_usuario`),
  ADD KEY `fk_movimiento_lote` (`id_lote`);

--
-- Indices de la tabla `pais`
--
ALTER TABLE `pais`
  ADD PRIMARY KEY (`id_pais`);

--
-- Indices de la tabla `pedido_proveedor`
--
ALTER TABLE `pedido_proveedor`
  ADD PRIMARY KEY (`id_pedido`),
  ADD KEY `idx_pedido_proveedor` (`id_proveedor`),
  ADD KEY `idx_pedido_estado` (`id_estado_pedido`),
  ADD KEY `idx_pedido_fecha` (`fecha`);

--
-- Indices de la tabla `pedido_proveedor_detalle`
--
ALTER TABLE `pedido_proveedor_detalle`
  ADD PRIMARY KEY (`id_detalle`),
  ADD KEY `id_pedido` (`id_pedido`),
  ADD KEY `id_insumo` (`id_insumo`);

--
-- Indices de la tabla `persona`
--
ALTER TABLE `persona`
  ADD PRIMARY KEY (`id_persona`),
  ADD UNIQUE KEY `numero_documento` (`numero_documento`),
  ADD KEY `idx_persona_documento` (`numero_documento`),
  ADD KEY `idx_persona_nombre` (`nombre_completo`),
  ADD KEY `idx_persona_activo` (`activo`);

--
-- Indices de la tabla `producto`
--
ALTER TABLE `producto`
  ADD PRIMARY KEY (`id_producto`),
  ADD KEY `id_pais_origen` (`id_pais_origen`),
  ADD KEY `idx_producto_categoria` (`id_categoria`),
  ADD KEY `idx_producto_marca` (`id_marca`),
  ADD KEY `idx_producto_proveedor` (`id_proveedor`);

--
-- Indices de la tabla `proveedor`
--
ALTER TABLE `proveedor`
  ADD PRIMARY KEY (`id_proveedor`),
  ADD UNIQUE KEY `uk_proveedor_persona` (`id_persona`),
  ADD KEY `idx_proveedor_activo` (`activo`);

--
-- Indices de la tabla `provincia`
--
ALTER TABLE `provincia`
  ADD PRIMARY KEY (`id_provincia`),
  ADD KEY `id_departamento` (`id_departamento`);

--
-- Indices de la tabla `repartidor`
--
ALTER TABLE `repartidor`
  ADD PRIMARY KEY (`id_repartidor`),
  ADD UNIQUE KEY `uk_repartidor_persona` (`id_persona`),
  ADD KEY `idx_repartidor_activo` (`activo`),
  ADD KEY `idx_repartidor_contratacion` (`fecha_contratacion`);

--
-- Indices de la tabla `rol`
--
ALTER TABLE `rol`
  ADD PRIMARY KEY (`id_rol`);

--
-- Indices de la tabla `sistema_bitacora`
--
ALTER TABLE `sistema_bitacora`
  ADD PRIMARY KEY (`id_bitacora`),
  ADD KEY `idx_modulo_fecha` (`modulo`,`fecha_registro`),
  ADD KEY `idx_usuario_fecha` (`id_usuario`,`fecha_registro`);

--
-- Indices de la tabla `sunat_configuracion`
--
ALTER TABLE `sunat_configuracion`
  ADD PRIMARY KEY (`id_config`),
  ADD UNIQUE KEY `ruc` (`ruc`),
  ADD KEY `idx_ruc` (`ruc`);

--
-- Indices de la tabla `tracking_ubicacion`
--
ALTER TABLE `tracking_ubicacion`
  ADD PRIMARY KEY (`id_tracking`),
  ADD KEY `id_repartidor` (`id_repartidor`),
  ADD KEY `id_venta` (`id_venta`);

--
-- Indices de la tabla `usuario`
--
ALTER TABLE `usuario`
  ADD PRIMARY KEY (`id_usuario`),
  ADD UNIQUE KEY `nombre_usuario` (`nombre_usuario`),
  ADD UNIQUE KEY `email` (`email`),
  ADD KEY `idx_usuario_rol` (`id_rol`),
  ADD KEY `idx_usuario_persona` (`id_persona`),
  ADD KEY `idx_usuario_activo` (`activo`),
  ADD KEY `idx_usuario_email` (`email`);

--
-- Indices de la tabla `venta`
--
ALTER TABLE `venta`
  ADD PRIMARY KEY (`id_venta`),
  ADD KEY `id_metodo_pago` (`id_metodo_pago`),
  ADD KEY `id_vendedor` (`id_vendedor`),
  ADD KEY `idx_venta_fecha` (`fecha`),
  ADD KEY `idx_venta_cliente` (`id_cliente`),
  ADD KEY `idx_venta_estado` (`id_estado_venta`),
  ADD KEY `idx_venta_repartidor` (`id_repartidor`);

--
-- Indices de la tabla `venta_detalle`
--
ALTER TABLE `venta_detalle`
  ADD PRIMARY KEY (`id_detalle`),
  ADD KEY `idx_venta_detalle_venta` (`id_venta`),
  ADD KEY `idx_venta_detalle_producto` (`id_producto`);

--
-- Indices de la tabla `venta_detalle_lote`
--
ALTER TABLE `venta_detalle_lote`
  ADD PRIMARY KEY (`id_venta_detalle_lote`),
  ADD KEY `idx_venta_detalle` (`id_detalle_venta`),
  ADD KEY `idx_lote` (`id_lote`);

--
-- AUTO_INCREMENT de las tablas volcadas
--

--
-- AUTO_INCREMENT de la tabla `categorias`
--
ALTER TABLE `categorias`
  MODIFY `id_categoria` int(11) NOT NULL AUTO_INCREMENT, AUTO_INCREMENT=4;

--
-- AUTO_INCREMENT de la tabla `cliente`
--
ALTER TABLE `cliente`
  MODIFY `id_cliente` int(11) NOT NULL AUTO_INCREMENT, AUTO_INCREMENT=17;

--
-- AUTO_INCREMENT de la tabla `comprobante_sunat`
--
ALTER TABLE `comprobante_sunat`
  MODIFY `id_comprobante` int(11) NOT NULL AUTO_INCREMENT, AUTO_INCREMENT=12;

--
-- AUTO_INCREMENT de la tabla `departamento`
--
ALTER TABLE `departamento`
  MODIFY `id_departamento` int(11) NOT NULL AUTO_INCREMENT, AUTO_INCREMENT=4;

--
-- AUTO_INCREMENT de la tabla `distrito`
--
ALTER TABLE `distrito`
  MODIFY `id_distrito` int(11) NOT NULL AUTO_INCREMENT, AUTO_INCREMENT=5;

--
-- AUTO_INCREMENT de la tabla `entrega_dinero_repartidor`
--
ALTER TABLE `entrega_dinero_repartidor`
  MODIFY `id_entrega` int(11) NOT NULL AUTO_INCREMENT;

--
-- AUTO_INCREMENT de la tabla `entrega_dinero_ventas`
--
ALTER TABLE `entrega_dinero_ventas`
  MODIFY `id_asociacion` int(11) NOT NULL AUTO_INCREMENT;

--
-- AUTO_INCREMENT de la tabla `errores_sunat`
--
ALTER TABLE `errores_sunat`
  MODIFY `id_error` int(11) NOT NULL AUTO_INCREMENT, AUTO_INCREMENT=5;

--
-- AUTO_INCREMENT de la tabla `estado_pedido_proveedor`
--
ALTER TABLE `estado_pedido_proveedor`
  MODIFY `id_estado_pedido` int(11) NOT NULL AUTO_INCREMENT, AUTO_INCREMENT=6;

--
-- AUTO_INCREMENT de la tabla `estado_venta`
--
ALTER TABLE `estado_venta`
  MODIFY `id_estado_venta` int(11) NOT NULL AUTO_INCREMENT, AUTO_INCREMENT=10;

--
-- AUTO_INCREMENT de la tabla `insumo`
--
ALTER TABLE `insumo`
  MODIFY `id_insumo` int(11) NOT NULL AUTO_INCREMENT, AUTO_INCREMENT=8;

--
-- AUTO_INCREMENT de la tabla `lote_producto`
--
ALTER TABLE `lote_producto`
  MODIFY `id_lote` int(11) NOT NULL AUTO_INCREMENT, AUTO_INCREMENT=11;

--
-- AUTO_INCREMENT de la tabla `marcas`
--
ALTER TABLE `marcas`
  MODIFY `id_marca` int(11) NOT NULL AUTO_INCREMENT, AUTO_INCREMENT=3;

--
-- AUTO_INCREMENT de la tabla `metodo_pago`
--
ALTER TABLE `metodo_pago`
  MODIFY `id_metodo_pago` int(11) NOT NULL AUTO_INCREMENT, AUTO_INCREMENT=5;

--
-- AUTO_INCREMENT de la tabla `movimiento_stock`
--
ALTER TABLE `movimiento_stock`
  MODIFY `id_movimiento` int(11) NOT NULL AUTO_INCREMENT, AUTO_INCREMENT=76;

--
-- AUTO_INCREMENT de la tabla `pais`
--
ALTER TABLE `pais`
  MODIFY `id_pais` int(11) NOT NULL AUTO_INCREMENT, AUTO_INCREMENT=4;

--
-- AUTO_INCREMENT de la tabla `pedido_proveedor`
--
ALTER TABLE `pedido_proveedor`
  MODIFY `id_pedido` int(11) NOT NULL AUTO_INCREMENT, AUTO_INCREMENT=12;

--
-- AUTO_INCREMENT de la tabla `pedido_proveedor_detalle`
--
ALTER TABLE `pedido_proveedor_detalle`
  MODIFY `id_detalle` int(11) NOT NULL AUTO_INCREMENT, AUTO_INCREMENT=23;

--
-- AUTO_INCREMENT de la tabla `persona`
--
ALTER TABLE `persona`
  MODIFY `id_persona` int(11) NOT NULL AUTO_INCREMENT, AUTO_INCREMENT=34;

--
-- AUTO_INCREMENT de la tabla `producto`
--
ALTER TABLE `producto`
  MODIFY `id_producto` int(11) NOT NULL AUTO_INCREMENT, AUTO_INCREMENT=5;

--
-- AUTO_INCREMENT de la tabla `proveedor`
--
ALTER TABLE `proveedor`
  MODIFY `id_proveedor` int(11) NOT NULL AUTO_INCREMENT, AUTO_INCREMENT=6;

--
-- AUTO_INCREMENT de la tabla `provincia`
--
ALTER TABLE `provincia`
  MODIFY `id_provincia` int(11) NOT NULL AUTO_INCREMENT, AUTO_INCREMENT=4;

--
-- AUTO_INCREMENT de la tabla `repartidor`
--
ALTER TABLE `repartidor`
  MODIFY `id_repartidor` int(11) NOT NULL AUTO_INCREMENT, AUTO_INCREMENT=4;

--
-- AUTO_INCREMENT de la tabla `rol`
--
ALTER TABLE `rol`
  MODIFY `id_rol` int(11) NOT NULL AUTO_INCREMENT, AUTO_INCREMENT=5;

--
-- AUTO_INCREMENT de la tabla `sistema_bitacora`
--
ALTER TABLE `sistema_bitacora`
  MODIFY `id_bitacora` int(11) NOT NULL AUTO_INCREMENT, AUTO_INCREMENT=5;

--
-- AUTO_INCREMENT de la tabla `sunat_configuracion`
--
ALTER TABLE `sunat_configuracion`
  MODIFY `id_config` int(11) NOT NULL AUTO_INCREMENT, AUTO_INCREMENT=2;

--
-- AUTO_INCREMENT de la tabla `tracking_ubicacion`
--
ALTER TABLE `tracking_ubicacion`
  MODIFY `id_tracking` int(11) NOT NULL AUTO_INCREMENT;

--
-- AUTO_INCREMENT de la tabla `usuario`
--
ALTER TABLE `usuario`
  MODIFY `id_usuario` int(11) NOT NULL AUTO_INCREMENT, AUTO_INCREMENT=12;

--
-- AUTO_INCREMENT de la tabla `venta`
--
ALTER TABLE `venta`
  MODIFY `id_venta` int(11) NOT NULL AUTO_INCREMENT, AUTO_INCREMENT=74;

--
-- AUTO_INCREMENT de la tabla `venta_detalle`
--
ALTER TABLE `venta_detalle`
  MODIFY `id_detalle` int(11) NOT NULL AUTO_INCREMENT, AUTO_INCREMENT=70;

--
-- AUTO_INCREMENT de la tabla `venta_detalle_lote`
--
ALTER TABLE `venta_detalle_lote`
  MODIFY `id_venta_detalle_lote` int(11) NOT NULL AUTO_INCREMENT, AUTO_INCREMENT=56;

--
-- Restricciones para tablas volcadas
--

--
-- Filtros para la tabla `cliente`
--
ALTER TABLE `cliente`
  ADD CONSTRAINT `cliente_ibfk_1` FOREIGN KEY (`id_persona`) REFERENCES `persona` (`id_persona`);

--
-- Filtros para la tabla `comprobante_sunat`
--
ALTER TABLE `comprobante_sunat`
  ADD CONSTRAINT `comprobante_sunat_ibfk_1` FOREIGN KEY (`id_venta`) REFERENCES `venta` (`id_venta`) ON DELETE CASCADE;

--
-- Filtros para la tabla `departamento`
--
ALTER TABLE `departamento`
  ADD CONSTRAINT `departamento_ibfk_1` FOREIGN KEY (`id_pais`) REFERENCES `pais` (`id_pais`);

--
-- Filtros para la tabla `distrito`
--
ALTER TABLE `distrito`
  ADD CONSTRAINT `distrito_ibfk_1` FOREIGN KEY (`id_provincia`) REFERENCES `provincia` (`id_provincia`);

--
-- Filtros para la tabla `entrega_dinero_repartidor`
--
ALTER TABLE `entrega_dinero_repartidor`
  ADD CONSTRAINT `entrega_dinero_repartidor_ibfk_1` FOREIGN KEY (`id_repartidor`) REFERENCES `repartidor` (`id_repartidor`) ON DELETE CASCADE,
  ADD CONSTRAINT `entrega_dinero_repartidor_ibfk_2` FOREIGN KEY (`id_usuario_registro`) REFERENCES `usuario` (`id_usuario`) ON DELETE SET NULL;

--
-- Filtros para la tabla `entrega_dinero_ventas`
--
ALTER TABLE `entrega_dinero_ventas`
  ADD CONSTRAINT `entrega_dinero_ventas_ibfk_1` FOREIGN KEY (`id_entrega`) REFERENCES `entrega_dinero_repartidor` (`id_entrega`) ON DELETE CASCADE,
  ADD CONSTRAINT `entrega_dinero_ventas_ibfk_2` FOREIGN KEY (`id_venta`) REFERENCES `venta` (`id_venta`) ON DELETE CASCADE;

--
-- Filtros para la tabla `errores_sunat`
--
ALTER TABLE `errores_sunat`
  ADD CONSTRAINT `errores_sunat_ibfk_1` FOREIGN KEY (`id_venta`) REFERENCES `venta` (`id_venta`);

--
-- Filtros para la tabla `lote_producto`
--
ALTER TABLE `lote_producto`
  ADD CONSTRAINT `lote_producto_ibfk_1` FOREIGN KEY (`id_producto`) REFERENCES `producto` (`id_producto`);

--
-- Filtros para la tabla `movimiento_stock`
--
ALTER TABLE `movimiento_stock`
  ADD CONSTRAINT `fk_movimiento_lote` FOREIGN KEY (`id_lote`) REFERENCES `lote_producto` (`id_lote`),
  ADD CONSTRAINT `movimiento_stock_ibfk_1` FOREIGN KEY (`id_producto`) REFERENCES `producto` (`id_producto`),
  ADD CONSTRAINT `movimiento_stock_ibfk_2` FOREIGN KEY (`id_usuario`) REFERENCES `usuario` (`id_usuario`);

--
-- Filtros para la tabla `pedido_proveedor`
--
ALTER TABLE `pedido_proveedor`
  ADD CONSTRAINT `pedido_proveedor_ibfk_1` FOREIGN KEY (`id_proveedor`) REFERENCES `proveedor` (`id_proveedor`),
  ADD CONSTRAINT `pedido_proveedor_ibfk_3` FOREIGN KEY (`id_estado_pedido`) REFERENCES `estado_pedido_proveedor` (`id_estado_pedido`);

--
-- Filtros para la tabla `pedido_proveedor_detalle`
--
ALTER TABLE `pedido_proveedor_detalle`
  ADD CONSTRAINT `pedido_proveedor_detalle_ibfk_1` FOREIGN KEY (`id_pedido`) REFERENCES `pedido_proveedor` (`id_pedido`) ON DELETE CASCADE,
  ADD CONSTRAINT `pedido_proveedor_detalle_ibfk_2` FOREIGN KEY (`id_insumo`) REFERENCES `insumo` (`id_insumo`);

--
-- Filtros para la tabla `producto`
--
ALTER TABLE `producto`
  ADD CONSTRAINT `producto_ibfk_1` FOREIGN KEY (`id_categoria`) REFERENCES `categorias` (`id_categoria`),
  ADD CONSTRAINT `producto_ibfk_2` FOREIGN KEY (`id_marca`) REFERENCES `marcas` (`id_marca`),
  ADD CONSTRAINT `producto_ibfk_3` FOREIGN KEY (`id_proveedor`) REFERENCES `proveedor` (`id_proveedor`),
  ADD CONSTRAINT `producto_ibfk_4` FOREIGN KEY (`id_pais_origen`) REFERENCES `pais` (`id_pais`);

--
-- Filtros para la tabla `proveedor`
--
ALTER TABLE `proveedor`
  ADD CONSTRAINT `proveedor_ibfk_1` FOREIGN KEY (`id_persona`) REFERENCES `persona` (`id_persona`);

--
-- Filtros para la tabla `provincia`
--
ALTER TABLE `provincia`
  ADD CONSTRAINT `provincia_ibfk_1` FOREIGN KEY (`id_departamento`) REFERENCES `departamento` (`id_departamento`);

--
-- Filtros para la tabla `repartidor`
--
ALTER TABLE `repartidor`
  ADD CONSTRAINT `repartidor_ibfk_1` FOREIGN KEY (`id_persona`) REFERENCES `persona` (`id_persona`);

--
-- Filtros para la tabla `sistema_bitacora`
--
ALTER TABLE `sistema_bitacora`
  ADD CONSTRAINT `sistema_bitacora_ibfk_1` FOREIGN KEY (`id_usuario`) REFERENCES `usuario` (`id_usuario`) ON DELETE SET NULL;

--
-- Filtros para la tabla `tracking_ubicacion`
--
ALTER TABLE `tracking_ubicacion`
  ADD CONSTRAINT `tracking_ubicacion_ibfk_1` FOREIGN KEY (`id_repartidor`) REFERENCES `repartidor` (`id_repartidor`),
  ADD CONSTRAINT `tracking_ubicacion_ibfk_2` FOREIGN KEY (`id_venta`) REFERENCES `venta` (`id_venta`);

--
-- Filtros para la tabla `usuario`
--
ALTER TABLE `usuario`
  ADD CONSTRAINT `usuario_ibfk_1` FOREIGN KEY (`id_rol`) REFERENCES `rol` (`id_rol`),
  ADD CONSTRAINT `usuario_ibfk_2` FOREIGN KEY (`id_persona`) REFERENCES `persona` (`id_persona`);

--
-- Filtros para la tabla `venta`
--
ALTER TABLE `venta`
  ADD CONSTRAINT `venta_ibfk_1` FOREIGN KEY (`id_cliente`) REFERENCES `cliente` (`id_cliente`),
  ADD CONSTRAINT `venta_ibfk_2` FOREIGN KEY (`id_metodo_pago`) REFERENCES `metodo_pago` (`id_metodo_pago`),
  ADD CONSTRAINT `venta_ibfk_3` FOREIGN KEY (`id_estado_venta`) REFERENCES `estado_venta` (`id_estado_venta`),
  ADD CONSTRAINT `venta_ibfk_4` FOREIGN KEY (`id_repartidor`) REFERENCES `repartidor` (`id_repartidor`),
  ADD CONSTRAINT `venta_ibfk_5` FOREIGN KEY (`id_vendedor`) REFERENCES `usuario` (`id_usuario`);

--
-- Filtros para la tabla `venta_detalle`
--
ALTER TABLE `venta_detalle`
  ADD CONSTRAINT `venta_detalle_ibfk_1` FOREIGN KEY (`id_venta`) REFERENCES `venta` (`id_venta`) ON DELETE CASCADE,
  ADD CONSTRAINT `venta_detalle_ibfk_2` FOREIGN KEY (`id_producto`) REFERENCES `producto` (`id_producto`);

--
-- Filtros para la tabla `venta_detalle_lote`
--
ALTER TABLE `venta_detalle_lote`
  ADD CONSTRAINT `venta_detalle_lote_ibfk_1` FOREIGN KEY (`id_detalle_venta`) REFERENCES `venta_detalle` (`id_detalle`) ON DELETE CASCADE,
  ADD CONSTRAINT `venta_detalle_lote_ibfk_2` FOREIGN KEY (`id_lote`) REFERENCES `lote_producto` (`id_lote`);
COMMIT;

/*!40101 SET CHARACTER_SET_CLIENT=@OLD_CHARACTER_SET_CLIENT */;
/*!40101 SET CHARACTER_SET_RESULTS=@OLD_CHARACTER_SET_RESULTS */;
/*!40101 SET COLLATION_CONNECTION=@OLD_COLLATION_CONNECTION */;
